symbol,side,opened_at,closed_at,entry_price,exit_price,stop_price,take_price,exit_reason,gross_return,net_return,fee_bps,slippage_bps,r_multiple,quantity_fraction,ladder_r,mae_r,mfe_r,bars_to_mfe,bars_held
BTC/USDT,short,2025-07-31T17:15:00+00:00,2025-07-31T22:45:00+00:00,117900.0,112005.0,120847.5,112005.0,takeprofit,0.05,0.0488,10.0,2.0,2.0,1.0,,-0.12166242578456517,2.0,22,22
BTC/USDT,short,2025-07-31T23:15:00+00:00,2025-07-31T23:30:00+00:00,111889.9,114687.1475,114687.1475,106295.405,stoploss,-0.02500000000000011,-0.02620000000000011,10.0,2.0,-1.0,1.0,,-1.0,0.0,0,1
ETH/USDT,short,2025-08-01T08:00:00+00:00,2025-08-01T10:45:00+00:00,3657.9,3749.3475,3749.3475,3475.005,stoploss,-0.024999999999999935,-0.026199999999999935,10.0,2.0,-1.0,1.0,,-1.0,0.8498865469258368,3,11
ETH/USDT,short,2025-08-01T14:45:00+00:00,2025-08-01T20:00:00+00:00,3645.49,3736.62725,3736.62725,3463.2155,stoploss,-0.025000000000000064,-0.026200000000000064,10.0,2.0,-1.0,1.0,,-1.0,0.9380357647394405,5,21
BTC/USDT,short,2025-07-31T23:30:00+00:00,2025-08-02T06:00:00+00:00,115987.3,110187.935,118886.9825,110187.935,takeprofit,0.050000000000000044,0.048800000000000045,10.0,2.0,2.000000000000005,1.0,,-0.3492106463380018,2.000000000000005,122,122
ETH/USDT,short,2025-08-02T05:15:00+00:00,2025-08-02T06:00:00+00:00,3699.98,3792.4795,3792.4795,3514.981,stoploss,-0.024999999999999974,-0.026199999999999973,10.0,2.0,-1.0,1.0,,-1.0,1.437629392591313,1,3
ETH/USDT,short,2025-08-02T18:45:00+00:00,2025-08-03T01:45:00+00:00,3572.38,3393.761,3661.6895,3393.761,takeprofit,0.05000000000000004,0.04880000000000004,10.0,2.0,2.000000000000005,1.0,,-0.30926161270637437,2.000000000000005,28,28
ETH/USDT,short,2025-08-03T01:45:00+00:00,2025-08-03T02:00:00+00:00,3095.25,3172.63125,3172.63125,2940.4875,stoploss,-0.02499999999999997,-0.02619999999999997,10.0,2.0,-1.0,1.0,,-1.0,0.0,0,1
ETH/USDT,short,2025-08-03T02:00:00+00:00,2025-08-03T02:30:00+00:00,3400.0,3485.0,3485.0,3230.0,stoploss,-0.025,-0.0262,10.0,2.0,-1.0,1.0,,-1.0,0.059882352941178184,1,2
ETH/USDT,short,2025-08-03T02:30:00+00:00,2025-08-03T02:45:00+00:00,3587.9,3408.505,3677.5975,3408.505,takeprofit,0.049999999999999996,0.048799999999999996,10.0,2.0,2.0000000000000053,1.0,,0.0,2.000000000000005,1,1
ETH/USDT,short,2025-08-03T02:45:00+00:00,2025-08-03T03:00:00+00:00,3440.4,3268.38,3526.41,3268.38,takeprofit,0.049999999999999996,0.048799999999999996,10.0,2.0,2.0000000000000053,1.0,,0.0,2.0000000000000053,1,1
ETH/USDT,short,2025-08-03T03:00:00+00:00,2025-08-03T03:15:00+00:00,3440.35,3526.35875,3526.35875,3268.3325,stoploss,-0.02499999999999999,-0.02619999999999999,10.0,2.0,-1.0,1.0,,-1.0,0.0,0,1
ETH/USDT,short,2025-08-03T22:45:00+00:00,2025-08-05T07:30:00+00:00,3680.0,3496.0,3772.0,3496.0,takeprofit,0.05,0.0488,10.0,2.0,2.0,1.0,,-0.7608695652173914,2.0,131,131
BTC/USDT,short,2025-08-02T06:15:00+00:00,2025-08-06T01:45:00+00:00,113767.1,116611.2775,116611.2775,108078.745,stoploss,-0.024999999999999918,-0.026199999999999918,10.0,2.0,-1.0,1.0,,-1.0,1.3244953945384978,2,366
ETH/USDT,short,2025-08-05T08:00:00+00:00,2025-08-06T17:00:00+00:00,3603.83,3693.92575,3693.92575,3423.6385,stoploss,-0.024999999999999988,-0.026199999999999987,10.0,2.0,-1.0,1.0,,-1.0,0.6616294331308653,17,132
BTC/USDT,short,2025-08-06T11:00:00+00:00,2025-08-07T10:15:00+00:00,114135.1,116988.4775,116988.4775,108428.345,stoploss,-0.02499999999999989,-0.02619999999999989,10.0,2.0,-1.0,1.0,,-1.0,0.6431325683334973,9,93
ETH/USDT,short,2025-08-07T03:15:00+00:00,2025-08-07T10:15:00+00:00,3669.44,3761.176,3761.176,3485.968,stoploss,-0.024999999999999967,-0.026199999999999966,10.0,2.0,-1.0,1.0,,-1.0,0.7569547396878014,13,28
BTC/USDT,long,2025-08-07T10:30:00+00:00,2025-08-08T02:00:00+00:00,116527.4,113614.215,113614.215,122353.77,stoploss,-0.02499999999999998,-0.02619999999999998,10.0,2.0,-1.0,1.0,,-1.0,0.5054948449892496,1,62
BTC/USDT,short,2025-08-08T02:00:00+00:00,2025-08-08T02:15:00+00:00,116361.6,110543.52,119270.64,110543.52,takeprofit,0.05000000000000001,0.04880000000000001,10.0,2.0,2.000000000000005,1.0,,0.0,2.000000000000005,1,1
ETH/USDT,long,2025-08-08T02:00:00+00:00,2025-08-08T02:15:00+00:00,3779.43,3684.94425,3684.94425,3968.4015,stoploss,-0.024999999999999956,-0.026199999999999956,10.0,2.0,-1.0,1.0,,-1.0,0.0,0,1
BTC/USDT,short,2025-08-08T03:45:00+00:00,2025-08-08T04:00:00+00:00,115590.8,118480.57,118480.57,109811.26,stoploss,-0.025000000000000036,-0.026200000000000036,10.0,2.0,-1.0,1.0,,-1.0,0.0,0,1
ETH/USDT,long,2025-08-08T03:45:00+00:00,2025-08-08T04:00:00+00:00,3867.32,3770.637,3770.637,4060.686,stoploss,-0.024999999999999998,-0.026199999999999998,10.0,2.0,-1.0,1.0,,-1.0,0.0,0,1
ETH/USDT,long,2025-08-08T04:00:00+00:00,2025-08-08T04:15:00+00:00,3870.39,3773.63025,3773.63025,4063.9095,stoploss,-0.024999999999999925,-0.026199999999999925,10.0,2.0,-1.0,1.0,,-1.0,0.0,0,1
ETH/USDT,long,2025-08-08T04:15:00+00:00,2025-08-08T04:30:00+00:00,3802.26,3707.2035,3707.2035,3992.373,stoploss,-0.025000000000000036,-0.026200000000000036,10.0,2.0,-1.0,1.0,,-1.0,0.0,0,1
ETH/USDT,long,2025-08-08T04:30:00+00:00,2025-08-08T09:00:00+00:00,3726.9,3913.245,3633.7275,3913.245,takeprofit,0.04999999999999995,0.04879999999999995,10.0,2.0,1.9999999999999953,1.0,,-0.7596662105234925,1.9999999999999951,18,18
BTC/USDT,short,2025-08-08T09:15:00+00:00,2025-08-08T09:30:00+00:00,116402.0,119312.05,119312.05,110581.9,stoploss,-0.025000000000000026,-0.026200000000000025,10.0,2.0,-1.0,1.0,,-1.0,0.0,0,1
ETH/USDT,long,2025-08-08T10:15:00+00:00,2025-08-08T12:00:00+00:00,3790.0,3695.25,3695.25,3979.5,stoploss,-0.025,-0.0262,10.0,2.0,-1.0,1.0,,-1.0,0.41160949868073876,2,7
ETH/USDT,long,2025-08-08T14:15:00+00:00,2025-08-08T16:00:00+00:00,3792.5,3697.6875,3697.6875,3982.125,stoploss,-0.025,-0.0262,10.0,2.0,-1.0,1.0,,-1.0,0.39551746868820037,2,7
BTC/USDT,short,2025-08-08T09:30:00+00:00,2025-08-08T18:00:00+00:00,116650.0,119566.25,119566.25,110817.5,stoploss,-0.025,-0.0262,10.0,2.0,-1.0,1.0,,-1.0,0.49687098156879556,7,34
ETH/USDT,long,2025-08-08T17:00:00+00:00,2025-08-09T01:30:00+00:00,3775.49,3681.10275,3681.10275,3964.2645,stoploss,-0.02499999999999994,-0.02619999999999994,10.0,2.0,-1.0,1.0,,-1.0,1.3191400321547722,5,34
ETH/USDT,long,2025-08-09T05:15:00+00:00,2025-08-09T05:30:00+00:00,3900.0,3802.5,3802.5,4095.0,stoploss,-0.025,-0.0262,10.0,2.0,-1.0,1.0,,-1.0,0.0,0,1
ETH/USDT,long,2025-08-09T05:30:00+00:00,2025-08-09T05:45:00+00:00,3950.0,3851.25,3851.25,4147.5,stoploss,-0.025,-0.0262,10.0,2.0,-1.0,1.0,,-1.0,0.0,0,1
ETH/USDT,long,2025-08-09T05:45:00+00:00,2025-08-09T06:00:00+00:00,3949.9,3851.1525,3851.1525,4147.395,stoploss,-0.024999999999999984,-0.026199999999999984,10.0,2.0,-1.0,1.0,,-1.0,0.0,0,1
ETH/USDT,long,2025-08-09T06:00:00+00:00,2025-08-09T06:15:00+00:00,3949.8,3851.055,3851.055,4147.29,stoploss,-0.025000000000000085,-0.026200000000000084,10.0,2.0,-1.0,1.0,,-1.0,0.0,0,1
ETH/USDT,long,2025-08-09T06:15:00+00:00,2025-08-09T06:30:00+00:00,3949.8,3851.055,3851.055,4147.29,stoploss,-0.025000000000000085,-0.026200000000000084,10.0,2.0,-1.0,1.0,,-1.0,0.0,0,1
ETH/USDT,long,2025-08-09T06:30:00+00:00,2025-08-10T03:00:00+00:00,3815.27,4006.0335,3719.88825,4006.0335,takeprofit,0.05,0.0488,10.0,2.0,2.0,1.0,,-0.7880962553108961,2.0,82,82
ETH/USDT,long,2025-08-10T10:00:00+00:00,2025-08-10T10:15:00+00:00,4093.98,3991.6305,3991.6305,4298.679,stoploss,-0.024999999999999953,-0.026199999999999952,10.0,2.0,-1.0,1.0,,-1.0,0.0,0,1
ETH/USDT,long,2025-08-10T10:15:00+00:00,2025-08-10T10:30:00+00:00,4052.99,3951.66525,3951.66525,4255.6395,stoploss,-0.024999999999999942,-0.026199999999999942,10.0,2.0,-1.0,1.0,,-1.0,0.0,0,1
ETH/USDT,long,2025-08-10T10:30:00+00:00,2025-08-10T10:45:00+00:00,4052.99,3951.66525,3951.66525,4255.6395,stoploss,-0.024999999999999942,-0.026199999999999942,10.0,2.0,-1.0,1.0,,-1.0,0.0,0,1
ETH/USDT,long,2025-08-10T10:45:00+00:00,2025-08-10T11:00:00+00:00,4050.0,3948.75,3948.75,4252.5,stoploss,-0.025,-0.0262,10.0,2.0,-1.0,1.0,,-1.0,0.0,0,1
ETH/USDT,long,2025-08-10T11:00:00+00:00,2025-08-10T11:15:00+00:00,4040.0,3939.0,3939.0,4242.0,stoploss,-0.025,-0.0262,10.0,2.0,-1.0,1.0,,-1.0,0.0,0,1
ETH/USDT,long,2025-08-11T05:00:00+00:00,2025-08-11T05:15:00+00:00,4119.89,4016.89275,4016.89275,4325.8845,stoploss,-0.02500000000000008,-0.02620000000000008,10.0,2.0,-1.0,1.0,,-1.0,0.0,0,1
BTC/USDT,long,2025-08-10T03:15:00+00:00,2025-08-11T07:00:00+00:00,118310.4,124225.92,115352.64,124225.92,takeprofit,0.05000000000000004,0.04880000000000004,10.0,2.0,2.000000000000005,1.0,,-0.4092286054311358,2.000000000000005,111,111
ETH/USDT,long,2025-08-12T20:30:00+00:00,2025-08-12T21:15:00+00:00,4311.04,4526.592,4203.264,4526.592,takeprofit,0.049999999999999926,0.04879999999999993,10.0,2.0,2.0,1.0,,-0.9116129750593838,2.0,3,3
ETH/USDT,long,2025-08-12T21:15:00+00:00,2025-08-12T21:30:00+00:00,4589.11,4474.38225,4474.38225,4818.5655,stoploss,-0.025000000000000005,-0.026200000000000005,10.0,2.0,-1.0,1.0,,-1.0,0.0,0,1
ETH/USDT,long,2025-08-12T21:30:00+00:00,2025-08-12T21:45:00+00:00,4582.2,4467.645,4467.645,4811.31,stoploss,-0.024999999999999866,-0.026199999999999866,10.0,2.0,-1.0,1.0,,-1.0,0.0,0,1
ETH/USDT,long,2025-08-12T21:45:00+00:00,2025-08-12T22:00:00+00:00,4578.07,4463.61825,4463.61825,4806.9735,stoploss,-0.024999999999999842,-0.02619999999999984,10.0,2.0,-1.0,1.0,,-1.0,0.0,0,1
ETH/USDT,long,2025-08-12T22:00:00+00:00,2025-08-12T22:30:00+00:00,4494.25,4381.89375,4381.89375,4718.9625,stoploss,-0.02499999999999996,-0.02619999999999996,10.0,2.0,-1.0,1.0,,-1.0,0.0,0,2
ETH/USDT,long,2025-08-12T22:30:00+00:00,2025-08-12T23:45:00+00:00,4271.78,4485.369,4164.9855,4485.369,takeprofit,0.04999999999999999,0.04879999999999999,10.0,2.0,2.0,1.0,,-0.3969305535397369,2.0,5,5
BTC/USDT,long,2025-08-12T07:30:00+00:00,2025-08-13T00:45:00+00:00,118909.4,115936.665,115936.665,124854.87,stoploss,-0.025000000000000005,-0.026200000000000005,10.0,2.0,-1.0,1.0,,-1.0,1.3760392365952583,57,69
ETH/USDT,long,2025-08-13T00:30:00+00:00,2025-08-13T00:45:00+00:00,4618.85,4503.37875,4503.37875,4849.7925,stoploss,-0.02500000000000011,-0.02620000000000011,10.0,2.0,-1.0,1.0,,-1.0,0.0,0,1
ETH/USDT,long,2025-08-13T00:45:00+00:00,2025-08-13T01:00:00+00:00,4615.84,4500.444,4500.444,4846.632,stoploss,-0.024999999999999942,-0.026199999999999942,10.0,2.0,-1.0,1.0,,-1.0,0.0,0,1
ETH/USDT,long,2025-08-13T01:00:00+00:00,2025-08-13T01:30:00+00:00,4592.9,4478.0775,4478.0775,4822.545,stoploss,-0.024999999999999852,-0.026199999999999852,10.0,2.0,-1.0,1.0,,-1.0,0.0012192732260691787,1,2
ETH/USDT,long,2025-08-13T01:30:00+00:00,2025-08-13T01:45:00+00:00,4551.39,4437.60525,4437.60525,4778.9595,stoploss,-0.025000000000000154,-0.026200000000000154,10.0,2.0,-1.0,1.0,,-1.0,0.0,0,1
ETH/USDT,long,2025-08-13T01:45:00+00:00,2025-08-13T02:00:00+00:00,4544.22,4430.6145,4430.6145,4771.431,stoploss,-0.025000000000000126,-0.026200000000000126,10.0,2.0,-1.0,1.0,,-1.0,0.0,0,1
ETH/USDT,long,2025-08-13T04:30:00+00:00,2025-08-13T05:00:00+00:00,4588.0,4473.3,4473.3,4817.4,stoploss,-0.02499999999999996,-0.02619999999999996,10.0,2.0,-1.0,1.0,,-1.0,0.0,0,2
ETH/USDT,long,2025-08-13T05:00:00+00:00,2025-08-13T05:15:00+00:00,4200.0,4410.0,4095.0,4410.0,takeprofit,0.05,0.0488,10.0,2.0,2.0,1.0,,0.0,2.0,1,1
ETH/USDT,long,2025-08-13T05:15:00+00:00,2025-08-13T05:30:00+00:00,4599.9,4484.9025,4484.9025,4829.895,stoploss,-0.02499999999999989,-0.02619999999999989,10.0,2.0,-1.0,1.0,,-1.0,0.0,0,1
ETH/USDT,long,2025-08-13T05:30:00+00:00,2025-08-13T06:00:00+00:00,4206.62,4416.951,4101.4545,4416.951,takeprofit,0.05000000000000003,0.04880000000000003,10.0,2.0,2.0,1.0,,-0.0017115879257008327,2.0,2,2
ETH/USDT,long,2025-08-13T09:00:00+00:00,2025-08-13T09:45:00+00:00,4226.74,4438.077,4121.0715,4438.077,takeprofit,0.05000000000000011,0.04880000000000011,10.0,2.0,2.0000000000000084,1.0,,-0.12586532410321155,2.0000000000000084,3,3
ETH/USDT,long,2025-08-13T10:15:00+00:00,2025-08-13T10:30:00+00:00,4300.1,4515.105,4192.5975,4515.105,takeprofit,0.04999999999999981,0.04879999999999981,10.0,2.0,1.9999999999999831,1.0,,0.0,1.9999999999999831,1,1
ETH/USDT,long,2025-08-13T10:30:00+00:00,2025-08-13T10:45:00+00:00,4580.8,4466.28,4466.28,4809.84,stoploss,-0.025000000000000095,-0.026200000000000095,10.0,2.0,-1.0,1.0,,-1.0,0.0,0,1
ETH/USDT,long,2025-08-13T10:45:00+00:00,2025-08-13T11:00:00+00:00,4343.2,4560.36,4234.62,4560.36,takeprofit,0.04999999999999997,0.04879999999999997,10.0,2.0,2.0,1.0,,0.0,2.0,1,1
ETH/USDT,long,2025-08-13T11:00:00+00:00,2025-08-13T11:15:00+00:00,4300.38,4515.399,4192.8705,4515.399,takeprofit,0.05000000000000005,0.04880000000000005,10.0,2.0,2.0,1.0,,0.0,2.0,1,1
ETH/USDT,long,2025-08-13T11:15:00+00:00,2025-08-13T11:30:00+00:00,4301.95,4517.0475,4194.40125,4517.0475,takeprofit,0.04999999999999997,0.04879999999999997,10.0,2.0,2.0,1.0,,0.0,2.0,1,1
ETH/USDT,long,2025-08-13T11:30:00+00:00,2025-08-13T11:45:00+00:00,4344.49,4561.7145,4235.87775,4561.7145,takeprofit,0.050000000000000065,0.048800000000000066,10.0,2.0,2.0,1.0,,0.0,2.0,1,1
ETH/USDT,long,2025-08-13T11:45:00+00:00,2025-08-13T12:00:00+00:00,4328.29,4544.7045,4220.08275,4544.7045,takeprofit,0.04999999999999997,0.04879999999999997,10.0,2.0,1.9999999999999918,1.0,,0.0,1.9999999999999916,1,1
ETH/USDT,long,2025-08-13T12:00:00+00:00,2025-08-13T14:30:00+00:00,4391.29,4610.8545,4281.50775,4610.8545,takeprofit,0.05000000000000009,0.04880000000000009,10.0,2.0,2.0,1.0,,-0.831555192210032,2.0,10,10
ETH/USDT,long,2025-08-13T14:30:00+00:00,2025-08-13T14:45:00+00:00,4438.92,4327.947,4327.947,4660.866,stoploss,-0.02499999999999999,-0.02619999999999999,10.0,2.0,-1.0,1.0,,-1.0,0.0,0,1
ETH/USDT,long,2025-08-13T14:45:00+00:00,2025-08-13T15:00:00+00:00,4465.24,4353.609,4353.609,4688.502,stoploss,-0.024999999999999866,-0.026199999999999866,10.0,2.0,-1.0,1.0,,-1.0,0.0,0,1
ETH/USDT,long,2025-08-13T15:15:00+00:00,2025-08-13T15:30:00+00:00,4532.31,4419.00225,4419.00225,4758.9255,stoploss,-0.025000000000000185,-0.026200000000000185,10.0,2.0,-1.0,1.0,,-1.0,0.0,0,1
ETH/USDT,long,2025-08-13T16:00:00+00:00,2025-08-13T16:15:00+00:00,4445.11,4333.98225,4333.98225,4667.3655,stoploss,-0.02499999999999992,-0.02619999999999992,10.0,2.0,-1.0,1.0,,-1.0,0.0,0,1
ETH/USDT,long,2025-08-13T16:15:00+00:00,2025-08-13T16:30:00+00:00,4597.97,4483.02075,4483.02075,4827.8685,stoploss,-0.025000000000000123,-0.026200000000000122,10.0,2.0,-1.0,1.0,,-1.0,0.0,0,1
ETH/USDT,long,2025-08-13T16:30:00+00:00,2025-08-13T17:15:00+00:00,4498.84,4386.369,4386.369,4723.782,stoploss,-0.025000000000000102,-0.0262000000000001,10.0,2.0,-1.0,1.0,,-1.0,1.7796587564794395,1,3
ETH/USDT,long,2025-08-13T17:15:00+00:00,2025-08-13T17:30:00+00:00,4332.0,4548.6,4223.7,4548.6,takeprofit,0.050000000000000086,0.048800000000000086,10.0,2.0,2.0,1.0,,0.0,2.0,1,1
ETH/USDT,long,2025-08-13T18:45:00+00:00,2025-08-13T19:00:00+00:00,4693.99,4576.64025,4576.64025,4928.6895,stoploss,-0.024999999999999873,-0.026199999999999873,10.0,2.0,-1.0,1.0,,-1.0,0.0,0,1
ETH/USDT,long,2025-08-13T19:15:00+00:00,2025-08-13T19:30:00+00:00,4621.05,4505.52375,4505.52375,4852.1025,stoploss,-0.024999999999999977,-0.026199999999999977,10.0,2.0,-1.0,1.0,,-1.0,0.0,0,1
ETH/USDT,long,2025-08-13T19:30:00+00:00,2025-08-13T19:45:00+00:00,4527.4,4414.215,4414.215,4753.77,stoploss,-0.02499999999999989,-0.02619999999999989,10.0,2.0,-1.0,1.0,,-1.0,0.0,0,1
ETH/USDT,long,2025-08-13T19:45:00+00:00,2025-08-13T20:00:00+00:00,4690.0,4572.75,4572.75,4924.5,stoploss,-0.025,-0.0262,10.0,2.0,-1.0,1.0,,-1.0,0.0,0,1
ETH/USDT,long,2025-08-13T20:00:00+00:00,2025-08-13T21:00:00+00:00,4455.67,4344.27825,4344.27825,4678.4535,stoploss,-0.02499999999999995,-0.02619999999999995,10.0,2.0,-1.0,1.0,,-1.0,1.7084748197240809,1,4
ETH/USDT,long,2025-08-13T21:15:00+00:00,2025-08-13T21:30:00+00:00,4693.0,4575.675,4575.675,4927.65,stoploss,-0.02499999999999996,-0.02619999999999996,10.0,2.0,-1.0,1.0,,-1.0,0.0,0,1
ETH/USDT,long,2025-08-13T21:30:00+00:00,2025-08-13T21:45:00+00:00,4617.2,4501.77,4501.77,4848.06,stoploss,-0.024999999999999866,-0.026199999999999866,10.0,2.0,-1.0,1.0,,-1.0,0.0,0,1
ETH/USDT,long,2025-08-13T21:45:00+00:00,2025-08-13T22:00:00+00:00,4686.54,4569.3765,4569.3765,4920.867,stoploss,-0.02499999999999993,-0.026199999999999928,10.0,2.0,-1.0,1.0,,-1.0,0.0,0,1
ETH/USDT,long,2025-08-13T22:00:00+00:00,2025-08-13T22:15:00+00:00,4689.2,4571.97,4571.97,4923.66,stoploss,-0.024999999999999908,-0.026199999999999907,10.0,2.0,-1.0,1.0,,-1.0,0.0,0,1
ETH/USDT,long,2025-08-13T22:15:00+00:00,2025-08-13T22:30:00+00:00,4692.89,4575.56775,4575.56775,4927.5345,stoploss,-0.025000000000000033,-0.026200000000000032,10.0,2.0,-1.0,1.0,,-1.0,0.0,0,1
ETH/USDT,long,2025-08-13T22:30:00+00:00,2025-08-13T22:45:00+00:00,4693.99,4576.64025,4576.64025,4928.6895,stoploss,-0.024999999999999873,-0.026199999999999873,10.0,2.0,-1.0,1.0,,-1.0,0.0,0,1
ETH/USDT,long,2025-08-13T22:45:00+00:00,2025-08-13T23:45:00+00:00,4693.89,4576.54275,4576.54275,4928.5845,stoploss,-0.02500000000000015,-0.02620000000000015,10.0,2.0,-1.0,1.0,,-1.0,0.0008521716529313955,1,4
ETH/USDT,long,2025-08-14T03:30:00+00:00,2025-08-14T03:45:00+00:00,4680.0,4563.0,4563.0,4914.0,stoploss,-0.025,-0.0262,10.0,2.0,-1.0,1.0,,-1.0,0.0,0,1
ETH/USDT,long,2025-08-14T03:45:00+00:00,2025-08-14T04:00:00+00:00,4612.0,4496.7,4496.7,4842.6,stoploss,-0.02500000000000004,-0.02620000000000004,10.0,2.0,-1.0,1.0,,-1.0,0.0,0,1
BTC/USDT,long,2025-08-13T13:45:00+00:00,2025-08-14T04:15:00+00:00,121706.1,118663.4475,118663.4475,127791.405,stoploss,-0.025000000000000088,-0.026200000000000088,10.0,2.0,-1.0,1.0,,-1.0,1.0825751544088529,42,58
ETH/USDT,long,2025-08-14T05:00:00+00:00,2025-08-14T05:15:00+00:00,4668.67,4551.95325,4551.95325,4902.1035,stoploss,-0.025000000000000105,-0.026200000000000105,10.0,2.0,-1.0,1.0,,-1.0,0.0,0,1
ETH/USDT,long,2025-08-14T05:15:00+00:00,2025-08-14T05:30:00+00:00,4668.8,4552.08,4552.08,4902.24,stoploss,-0.025000000000000053,-0.026200000000000053,10.0,2.0,-1.0,1.0,,-1.0,0.0,0,1
ETH/USDT,long,2025-08-14T05:30:00+00:00,2025-08-14T05:45:00+00:00,4674.81,4557.93975,4557.93975,4908.5505,stoploss,-0.02500000000000018,-0.026200000000000178,10.0,2.0,-1.0,1.0,,-1.0,0.0,0,1
ETH/USDT,long,2025-08-14T05:45:00+00:00,2025-08-14T06:15:00+00:00,4674.78,4557.9105,4557.9105,4908.519,stoploss,-0.024999999999999956,-0.026199999999999956,10.0,2.0,-1.0,1.0,,-1.0,0.0018824415266622606,1,2
ETH/USDT,long,2025-08-14T06:15:00+00:00,2025-08-14T06:30:00+00:00,4663.75,4547.15625,4547.15625,4896.9375,stoploss,-0.025,-0.0262,10.0,2.0,-1.0,1.0,,-1.0,0.0,0,1
ETH/USDT,long,2025-08-14T06:30:00+00:00,2025-08-14T06:45:00+00:00,4670.0,4553.25,4553.25,4903.5,stoploss,-0.025,-0.0262,10.0,2.0,-1.0,1.0,,-1.0,0.0,0,1
ETH/USDT,long,2025-08-14T06:45:00+00:00,2025-08-14T07:00:00+00:00,4669.99,4553.24025,4553.24025,4903.4895,stoploss,-0.02499999999999999,-0.02619999999999999,10.0,2.0,-1.0,1.0,,-1.0,0.0,0,1
ETH/USDT,long,2025-08-14T08:30:00+00:00,2025-08-14T08:45:00+00:00,4668.12,4551.417,4551.417,4901.526,stoploss,-0.024999999999999897,-0.026199999999999897,10.0,2.0,-1.0,1.0,,-1.0,0.0,0,1
ETH/USDT,long,2025-08-14T09:00:00+00:00,2025-08-14T09:45:00+00:00,4669.31,4552.57725,4552.57725,4902.7755,stoploss,-0.025000000000000026,-0.026200000000000025,10.0,2.0,-1.0,1.0,,-1.0,0.014134850759530932,2,3
ETH/USDT,long,2025-08-14T09:45:00+00:00,2025-08-14T10:00:00+00:00,4657.31,4540.87725,4540.87725,4890.1755,stoploss,-0.025000000000000182,-0.02620000000000018,10.0,2.0,-1.0,1.0,,-1.0,0.0,0,1
BTC/USDT,long,2025-08-14T09:30:00+00:00,2025-08-14T12:30:00+00:00,121552.3,118513.4925,118513.4925,127629.915,stoploss,-0.02500000000000008,-0.02620000000000008,10.0,2.0,-1.0,1.0,,-1.0,0.10224405461681797,1,12
ETH/USDT,long,2025-08-14T16:00:00+00:00,2025-08-15T02:45:00+00:00,4498.9,4386.4275,4386.4275,4723.845,stoploss,-0.02499999999999997,-0.02619999999999997,10.0,2.0,-1.0,1.0,,-1.0,0.9300051123608037,39,43
ETH/USDT,long,2025-08-15T04:15:00+00:00,2025-08-15T10:30:00+00:00,4421.12,4642.176,4310.592,4642.176,takeprofit,0.050000000000000114,0.048800000000000114,10.0,2.0,2.0,1.0,,-0.643366386797911,2.0,25,25
ETH/USDT,long,2025-08-15T10:30:00+00:00,2025-08-15T11:00:00+00:00,4633.38,4517.5455,4517.5455,4865.049,stoploss,-0.024999999999999984,-0.026199999999999984,10.0,2.0,-1.0,1.0,,-1.0,0.09919324553565464,1,2
ETH/USDT,long,2025-08-15T11:00:00+00:00,2025-08-15T11:15:00+00:00,4629.3,4513.5675,4513.5675,4860.765,stoploss,-0.025000000000000015,-0.026200000000000015,10.0,2.0,-1.0,1.0,,-1.0,0.0,0,1
ETH/USDT,long,2025-08-15T11:15:00+00:00,2025-08-15T11:30:00+00:00,4632.83,4517.00925,4517.00925,4864.4715,stoploss,-0.02499999999999997,-0.02619999999999997,10.0,2.0,-1.0,1.0,,-1.0,0.0,0,1
ETH/USDT,long,2025-08-15T11:30:00+00:00,2025-08-15T11:45:00+00:00,4635.01,4519.13475,4519.13475,4866.7605,stoploss,-0.02500000000000001,-0.026200000000000008,10.0,2.0,-1.0,1.0,,-1.0,0.0,0,1
ETH/USDT,long,2025-08-15T11:45:00+00:00,2025-08-15T12:00:00+00:00,4631.64,4515.849,4515.849,4863.222,stoploss,-0.025000000000000036,-0.026200000000000036,10.0,2.0,-1.0,1.0,,-1.0,0.0,0,1
ETH/USDT,long,2025-08-16T01:30:00+00:00,2025-08-16T01:45:00+00:00,4625.9,4510.2525,4510.2525,4857.195,stoploss,-0.02500000000000001,-0.026200000000000008,10.0,2.0,-1.0,1.0,,-1.0,0.0,0,1
ETH/USDT,long,2025-08-16T01:45:00+00:00,2025-08-16T02:00:00+00:00,4615.77,4500.37575,4500.37575,4846.5585,stoploss,-0.02500000000000006,-0.02620000000000006,10.0,2.0,-1.0,1.0,,-1.0,0.0,0,1
ETH/USDT,long,2025-08-16T02:00:00+00:00,2025-08-16T02:15:00+00:00,4607.54,4492.3515,4492.3515,4837.917,stoploss,-0.025000000000000043,-0.026200000000000043,10.0,2.0,-1.0,1.0,,-1.0,0.0,0,1
ETH/USDT,long,2025-08-16T02:15:00+00:00,2025-08-16T02:30:00+00:00,4605.46,4490.3235,4490.3235,4835.733,stoploss,-0.024999999999999915,-0.026199999999999914,10.0,2.0,-1.0,1.0,,-1.0,0.0,0,1
ETH/USDT,long,2025-08-16T02:30:00+00:00,2025-08-16T02:45:00+00:00,4570.82,4456.5495,4456.5495,4799.361,stoploss,-0.02499999999999992,-0.02619999999999992,10.0,2.0,-1.0,1.0,,-1.0,0.0,0,1
ETH/USDT,long,2025-08-16T02:45:00+00:00,2025-08-16T03:00:00+00:00,4564.93,4450.80675,4450.80675,4793.1765,stoploss,-0.02500000000000012,-0.02620000000000012,10.0,2.0,-1.0,1.0,,-1.0,0.0,0,1
ETH/USDT,long,2025-08-16T05:45:00+00:00,2025-08-16T06:00:00+00:00,4589.9,4475.1525,4475.1525,4819.395,stoploss,-0.02499999999999989,-0.02619999999999989,10.0,2.0,-1.0,1.0,,-1.0,0.0,0,1
ETH/USDT,long,2025-08-16T07:00:00+00:00,2025-08-16T07:15:00+00:00,4480.0,4368.0,4368.0,4704.0,stoploss,-0.025,-0.0262,10.0,2.0,-1.0,1.0,,-1.0,0.0,0,1
ETH/USDT,long,2025-08-16T07:15:00+00:00,2025-08-16T07:30:00+00:00,4494.89,4382.51775,4382.51775,4719.6345,stoploss,-0.025000000000000074,-0.026200000000000074,10.0,2.0,-1.0,1.0,,-1.0,0.0,0,1
ETH/USDT,long,2025-08-16T07:30:00+00:00,2025-08-16T08:30:00+00:00,4364.39,4255.28025,4255.28025,4582.6095,stoploss,-0.02500000000000012,-0.02620000000000012,10.0,2.0,-1.0,1.0,,-1.0,1.205300167950148,1,4
ETH/USDT,long,2025-08-16T08:30:00+00:00,2025-08-16T08:45:00+00:00,4428.0,4317.3,4317.3,4649.4,stoploss,-0.02499999999999996,-0.02619999999999996,10.0,2.0,-1.0,1.0,,-1.0,0.0,0,1
ETH/USDT,long,2025-08-16T08:45:00+00:00,2025-08-16T09:00:00+00:00,4440.8,4329.78,4329.78,4662.84,stoploss,-0.0250000000000001,-0.026200000000000098,10.0,2.0,-1.0,1.0,,-1.0,0.0,0,1
ETH/USDT,long,2025-08-16T09:00:00+00:00,2025-08-16T09:15:00+00:00,4597.78,4482.8355,4482.8355,4827.669,stoploss,-0.024999999999999915,-0.026199999999999914,10.0,2.0,-1.0,1.0,,-1.0,0.0,0,1
ETH/USDT,long,2025-08-16T09:15:00+00:00,2025-08-16T09:30:00+00:00,4589.99,4475.24025,4475.24025,4819.4895,stoploss,-0.02499999999999999,-0.02619999999999999,10.0,2.0,-1.0,1.0,,-1.0,0.0,0,1
ETH/USDT,long,2025-08-16T09:30:00+00:00,2025-08-16T10:00:00+00:00,4414.94,4304.5665,4304.5665,4635.687,stoploss,-0.024999999999999932,-0.02619999999999993,10.0,2.0,-1.0,1.0,,-1.0,1.5858879169365876,1,2
ETH/USDT,long,2025-08-16T10:00:00+00:00,2025-08-16T10:15:00+00:00,4533.33,4419.99675,4419.99675,4759.9965,stoploss,-0.02499999999999993,-0.026199999999999928,10.0,2.0,-1.0,1.0,,-1.0,0.0,0,1
ETH/USDT,long,2025-08-16T11:45:00+00:00,2025-08-16T12:00:00+00:00,4545.52,4431.882,4431.882,4772.796,stoploss,-0.025000000000000182,-0.02620000000000018,10.0,2.0,-1.0,1.0,,-1.0,0.0,0,1
ETH/USDT,long,2025-08-16T12:00:00+00:00,2025-08-16T12:15:00+00:00,4541.41,4427.87475,4427.87475,4768.4805,stoploss,-0.02499999999999998,-0.02619999999999998,10.0,2.0,-1.0,1.0,,-1.0,0.0,0,1
ETH/USDT,long,2025-08-16T15:15:00+00:00,2025-08-17T00:00:00+00:00,4407.01,4296.83475,4296.83475,4627.3605,stoploss,-0.02500000000000005,-0.02620000000000005,10.0,2.0,-1.0,1.0,,-1.0,0.8073501081231913,16,35
BTC/USDT,short,2025-08-18T00:00:00+00:00,2025-08-18T23:45:00+00:00,117450.1,120386.3525,120386.3525,111577.595,stoploss,-0.024999999999999894,-0.026199999999999894,10.0,2.0,-1.0,1.0,,-1.0,1.0316892024783344,14,95
ETH/USDT,short,2025-08-19T15:15:00+00:00,2025-08-19T15:30:00+00:00,4128.0,4231.2,4231.2,3921.6,stoploss,-0.024999999999999956,-0.026199999999999956,10.0,2.0,-1.0,1.0,,-1.0,0.0,0,1
ETH/USDT,short,2025-08-19T15:30:00+00:00,2025-08-19T23:15:00+00:00,4288.89,4074.4455,4396.11225,4074.4455,takeprofit,0.050000000000000114,0.048800000000000114,10.0,2.0,2.0000000000000084,1.0,,-0.0009326422454243824,2.0000000000000084,31,31
ETH/USDT,short,2025-08-19T23:15:00+00:00,2025-08-19T23:30:00+00:00,4066.0,4167.65,4167.65,3862.7,stoploss,-0.02499999999999991,-0.02619999999999991,10.0,2.0,-1.0,1.0,,-1.0,0.0,0,1
ETH/USDT,short,2025-08-19T23:30:00+00:00,2025-08-19T23:45:00+00:00,4095.99,4198.38975,4198.38975,3891.1905,stoploss,-0.025000000000000123,-0.026200000000000122,10.0,2.0,-1.0,1.0,,-1.0,0.0,0,1
ETH/USDT,short,2025-08-19T23:45:00+00:00,2025-08-20T00:00:00+00:00,4075.17,4177.04925,4177.04925,3871.4115,stoploss,-0.024999999999999988,-0.026199999999999987,10.0,2.0,-1.0,1.0,,-1.0,0.0,0,1
ETH/USDT,short,2025-08-20T00:00:00+00:00,2025-08-20T00:15:00+00:00,4085.1,4187.2275,4187.2275,3880.845,stoploss,-0.025000000000000015,-0.026200000000000015,10.0,2.0,-1.0,1.0,,-1.0,0.0,0,1
ETH/USDT,short,2025-08-20T00:15:00+00:00,2025-08-20T00:30:00+00:00,4089.32,4191.553,4191.553,3884.854,stoploss,-0.024999999999999932,-0.02619999999999993,10.0,2.0,-1.0,1.0,,-1.0,0.0,0,1
ETH/USDT,short,2025-08-20T01:30:00+00:00,2025-08-20T03:45:00+00:00,4060.1,4161.6025,4161.6025,3857.095,stoploss,-0.025000000000000015,-0.026200000000000015,10.0,2.0,-1.0,1.0,,-1.0,0.0009851974089299179,1,9
BTC/USDT,short,2025-08-19T14:00:00+00:00,2025-08-20T04:00:00+00:00,115053.9,109301.205,117930.2475,109301.205,takeprofit,0.04999999999999993,0.048799999999999934,10.0,2.0,1.9999999999999947,1.0,,-0.003580930329177159,1.999999999999995,56,56
BTC/USDT,short,2025-08-20T04:15:00+00:00,2025-08-20T04:30:00+00:00,113794.9,108105.155,116639.7725,108105.155,takeprofit,0.04999999999999996,0.04879999999999996,10.0,2.0,1.9999999999999898,1.0,,0.0,1.9999999999999898,1,1
ETH/USDT,short,2025-08-20T07:00:00+00:00,2025-08-20T16:15:00+00:00,4196.46,4301.3715,4301.3715,3986.637,stoploss,-0.02500000000000004,-0.02620000000000004,10.0,2.0,-1.0,1.0,,-1.0,1.3006200464200741,4,37
ETH/USDT,long,2025-08-20T16:15:00+00:00,2025-08-20T16:30:00+00:00,4324.66,4216.5435,4216.5435,4540.893,stoploss,-0.025000000000000022,-0.026200000000000022,10.0,2.0,-1.0,1.0,,-1.0,0.0,0,1
ETH/USDT,long,2025-08-20T16:30:00+00:00,2025-08-20T16:45:00+00:00,4367.8,4258.605,4258.605,4586.19,stoploss,-0.02500000000000014,-0.02620000000000014,10.0,2.0,-1.0,1.0,,-1.0,0.0,0,1
ETH/USDT,long,2025-08-20T16:45:00+00:00,2025-08-20T17:00:00+00:00,4299.96,4192.461,4192.461,4514.958,stoploss,-0.024999999999999953,-0.026199999999999952,10.0,2.0,-1.0,1.0,,-1.0,0.0,0,1
ETH/USDT,long,2025-08-20T17:00:00+00:00,2025-08-20T17:15:00+00:00,4296.51,4189.09725,4189.09725,4511.3355,stoploss,-0.025000000000000095,-0.026200000000000095,10.0,2.0,-1.0,1.0,,-1.0,0.0,0,1
ETH/USDT,long,2025-08-20T17:15:00+00:00,2025-08-20T17:30:00+00:00,4300.06,4192.5585,4192.5585,4515.063,stoploss,-0.025000000000000067,-0.026200000000000067,10.0,2.0,-1.0,1.0,,-1.0,0.0,0,1
ETH/USDT,long,2025-08-20T17:30:00+00:00,2025-08-20T17:45:00+00:00,4381.13,4271.60175,4271.60175,4600.1865,stoploss,-0.025000000000000067,-0.026200000000000067,10.0,2.0,-1.0,1.0,,-1.0,0.0,0,1
ETH/USDT,long,2025-08-20T17:45:00+00:00,2025-08-20T18:00:00+00:00,4342.86,4234.2885,4234.2885,4560.003,stoploss,-0.025000000000000005,-0.026200000000000005,10.0,2.0,-1.0,1.0,,-1.0,0.0,0,1
ETH/USDT,long,2025-08-20T18:00:00+00:00,2025-08-20T18:15:00+00:00,4292.21,4184.90475,4184.90475,4506.8205,stoploss,-0.02500000000000008,-0.02620000000000008,10.0,2.0,-1.0,1.0,,-1.0,0.0,0,1
ETH/USDT,long,2025-08-20T19:15:00+00:00,2025-08-20T19:30:00+00:00,4403.01,4292.93475,4292.93475,4623.1605,stoploss,-0.02499999999999997,-0.02619999999999997,10.0,2.0,-1.0,1.0,,-1.0,0.0,0,1
ETH/USDT,long,2025-08-20T19:30:00+00:00,2025-08-20T19:45:00+00:00,4399.76,4289.766,4289.766,4619.748,stoploss,-0.025000000000000133,-0.026200000000000133,10.0,2.0,-1.0,1.0,,-1.0,0.0,0,1
ETH/USDT,long,2025-08-20T19:45:00+00:00,2025-08-20T20:00:00+00:00,4343.61,4235.01975,4235.01975,4560.7905,stoploss,-0.02499999999999984,-0.026199999999999838,10.0,2.0,-1.0,1.0,,-1.0,0.0,0,1
ETH/USDT,long,2025-08-20T20:00:00+00:00,2025-08-20T20:15:00+00:00,4337.38,4228.9455,4228.9455,4554.249,stoploss,-0.025000000000000067,-0.026200000000000067,10.0,2.0,-1.0,1.0,,-1.0,0.0,0,1
ETH/USDT,long,2025-08-20T20:15:00+00:00,2025-08-20T20:30:00+00:00,4389.91,4280.16225,4280.16225,4609.4055,stoploss,-0.024999999999999897,-0.026199999999999897,10.0,2.0,-1.0,1.0,,-1.0,0.0,0,1
ETH/USDT,long,2025-08-20T20:30:00+00:00,2025-08-20T20:45:00+00:00,4380.81,4271.28975,4271.28975,4599.8505,stoploss,-0.02500000000000011,-0.02620000000000011,10.0,2.0,-1.0,1.0,,-1.0,0.0,0,1
BTC/USDT,short,2025-08-20T14:00:00+00:00,2025-08-21T02:00:00+00:00,112887.9,115710.0975,115710.0975,107243.505,stoploss,-0.025000000000000085,-0.026200000000000084,10.0,2.0,-1.0,1.0,,-1.0,0.8354836966583615,5,48
BTC/USDT,short,2025-08-21T03:15:00+00:00,2025-08-21T04:30:00+00:00,114174.3,117028.6575,117028.6575,108465.585,stoploss,-0.024999999999999984,-0.026199999999999984,10.0,2.0,-1.0,1.0,,-1.0,0.6846724700742651,4,5
ETH/USDT,long,2025-08-21T04:45:00+00:00,2025-08-21T08:15:00+00:00,4343.92,4235.322,4235.322,4561.116,stoploss,-0.02499999999999999,-0.02619999999999999,10.0,2.0,-1.0,1.0,,-1.0,0.33223447945634305,4,14
ETH/USDT,long,2025-08-22T07:00:00+00:00,2025-08-22T10:30:00+00:00,4313.71,4205.86725,4205.86725,4529.3955,stoploss,-0.024999999999999953,-0.026199999999999952,10.0,2.0,-1.0,1.0,,-1.0,0.05832566398761137,1,14
BTC/USDT,short,2025-08-21T10:00:00+00:00,2025-08-22T14:15:00+00:00,113444.1,116280.2025,116280.2025,107771.895,stoploss,-0.024999999999999942,-0.026199999999999942,10.0,2.0,-1.0,1.0,,-1.0,1.2143778301383725,66,113
ETH/USDT,long,2025-08-22T14:30:00+00:00,2025-08-22T14:45:00+00:00,4599.8,4484.805,4484.805,4829.79,stoploss,-0.024999999999999974,-0.026199999999999973,10.0,2.0,-1.0,1.0,,-1.0,0.0,0,1
ETH/USDT,long,2025-08-22T14:45:00+00:00,2025-08-22T15:00:00+00:00,4580.0,4465.5,4465.5,4809.0,stoploss,-0.025,-0.0262,10.0,2.0,-1.0,1.0,,-1.0,0.0,0,1
ETH/USDT,long,2025-08-22T15:00:00+00:00,2025-08-22T15:15:00+00:00,4639.54,4523.5515,4523.5515,4871.517,stoploss,-0.025000000000000085,-0.026200000000000084,10.0,2.0,-1.0,1.0,,-1.0,0.0,0,1
ETH/USDT,long,2025-08-22T15:15:00+00:00,2025-08-22T15:30:00+00:00,4645.38,4529.2455,4529.2455,4877.649,stoploss,-0.025000000000000026,-0.026200000000000025,10.0,2.0,-1.0,1.0,,-1.0,0.0,0,1
ETH/USDT,long,2025-08-22T15:30:00+00:00,2025-08-22T15:45:00+00:00,4646.93,4530.75675,4530.75675,4879.2765,stoploss,-0.025000000000000158,-0.026200000000000157,10.0,2.0,-1.0,1.0,,-1.0,0.0,0,1
ETH/USDT,long,2025-08-22T15:45:00+00:00,2025-08-22T16:00:00+00:00,4630.86,4515.0885,4515.0885,4862.403,stoploss,-0.024999999999999967,-0.026199999999999966,10.0,2.0,-1.0,1.0,,-1.0,0.0,0,1
ETH/USDT,long,2025-08-22T16:00:00+00:00,2025-08-22T16:15:00+00:00,4330.76,4547.298,4222.491,4547.298,takeprofit,0.04999999999999989,0.04879999999999989,10.0,2.0,1.9999999999999913,1.0,,0.0,1.9999999999999916,1,1
ETH/USDT,long,2025-08-22T16:15:00+00:00,2025-08-22T16:30:00+00:00,4599.0,4484.025,4484.025,4828.95,stoploss,-0.025000000000000078,-0.026200000000000077,10.0,2.0,-1.0,1.0,,-1.0,0.0,0,1
ETH/USDT,long,2025-08-22T16:30:00+00:00,2025-08-22T16:45:00+00:00,4729.9,4611.6525,4611.6525,4966.395,stoploss,-0.024999999999999894,-0.026199999999999894,10.0,2.0,-1.0,1.0,,-1.0,0.0,0,1
ETH/USDT,long,2025-08-22T16:45:00+00:00,2025-08-22T17:00:00+00:00,4729.98,4611.7305,4611.7305,4966.479,stoploss,-0.02499999999999998,-0.02619999999999998,10.0,2.0,-1.0,1.0,,-1.0,0.0,0,1
ETH/USDT,long,2025-08-22T17:00:00+00:00,2025-08-22T17:15:00+00:00,4729.99,4611.74025,4611.74025,4966.4895,stoploss,-0.02499999999999999,-0.02619999999999999,10.0,2.0,-1.0,1.0,,-1.0,0.0,0,1
ETH/USDT,long,2025-08-22T17:15:00+00:00,2025-08-22T17:30:00+00:00,4728.95,4610.72625,4610.72625,4965.3975,stoploss,-0.025000000000000026,-0.026200000000000025,10.0,2.0,-1.0,1.0,,-1.0,0.0,0,1
ETH/USDT,long,2025-08-22T17:30:00+00:00,2025-08-22T17:45:00+00:00,4737.9,4619.4525,4619.4525,4974.795,stoploss,-0.024999999999999856,-0.026199999999999855,10.0,2.0,-1.0,1.0,,-1.0,0.0,0,1
ETH/USDT,long,2025-08-22T17:45:00+00:00,2025-08-22T18:00:00+00:00,4749.96,4631.211,4631.211,4987.458,stoploss,-0.024999999999999956,-0.026199999999999956,10.0,2.0,-1.0,1.0,,-1.0,0.0,0,1
ETH/USDT,long,2025-08-22T18:00:00+00:00,2025-08-22T18:15:00+00:00,4749.88,4631.133,4631.133,4987.374,stoploss,-0.025000000000000064,-0.026200000000000064,10.0,2.0,-1.0,1.0,,-1.0,0.0,0,1
ETH/USDT,long,2025-08-22T18:15:00+00:00,2025-08-22T18:30:00+00:00,4728.35,4610.14125,4610.14125,4964.7675,stoploss,-0.025000000000000144,-0.026200000000000143,10.0,2.0,-1.0,1.0,,-1.0,0.0,0,1
ETH/USDT,long,2025-08-22T19:15:00+00:00,2025-08-22T19:30:00+00:00,4799.0,4679.025,4679.025,5038.95,stoploss,-0.025000000000000074,-0.026200000000000074,10.0,2.0,-1.0,1.0,,-1.0,0.0,0,1
ETH/USDT,long,2025-08-22T19:30:00+00:00,2025-08-22T19:45:00+00:00,4798.0,4678.05,4678.05,5037.9,stoploss,-0.024999999999999963,-0.026199999999999963,10.0,2.0,-1.0,1.0,,-1.0,0.0,0,1
ETH/USDT,long,2025-08-22T19:45:00+00:00,2025-08-22T20:00:00+00:00,4799.9,4679.9025,4679.9025,5039.895,stoploss,-0.024999999999999897,-0.026199999999999897,10.0,2.0,-1.0,1.0,,-1.0,0.0,0,1
ETH/USDT,long,2025-08-23T05:00:00+00:00,2025-08-23T05:30:00+00:00,4732.38,4614.0705,4614.0705,4968.999,stoploss,-0.025000000000000064,-0.026200000000000064,10.0,2.0,-1.0,1.0,,-1.0,0.3179795367235919,1,2
ETH/USDT,long,2025-08-23T05:30:00+00:00,2025-08-23T06:15:00+00:00,4758.0,4639.05,4639.05,4995.9,stoploss,-0.024999999999999963,-0.026199999999999963,10.0,2.0,-1.0,1.0,,-1.0,0.11769651113913426,2,3
ETH/USDT,long,2025-08-23T06:15:00+00:00,2025-08-23T08:15:00+00:00,4748.25,4629.54375,4629.54375,4985.6625,stoploss,-0.02500000000000004,-0.02620000000000004,10.0,2.0,-1.0,1.0,,-1.0,0.20007371136734556,1,8
ETH/USDT,long,2025-08-23T13:15:00+00:00,2025-08-23T13:30:00+00:00,4720.36,4602.351,4602.351,4956.378,stoploss,-0.025000000000000005,-0.026200000000000005,10.0,2.0,-1.0,1.0,,-1.0,0.0,0,1
ETH/USDT,long,2025-08-23T13:30:00+00:00,2025-08-23T14:00:00+00:00,4717.93,4599.98175,4599.98175,4953.8265,stoploss,-0.025000000000000078,-0.026200000000000077,10.0,2.0,-1.0,1.0,,-1.0,0.23629006788994159,1,2
ETH/USDT,long,2025-08-23T14:15:00+00:00,2025-08-23T14:30:00+00:00,4725.01,4606.88475,4606.88475,4961.2605,stoploss,-0.02500000000000001,-0.026200000000000008,10.0,2.0,-1.0,1.0,,-1.0,0.0,0,1
ETH/USDT,long,2025-08-23T14:30:00+00:00,2025-08-23T14:45:00+00:00,4705.26,4587.6285,4587.6285,4940.523,stoploss,-0.025000000000000088,-0.026200000000000088,10.0,2.0,-1.0,1.0,,-1.0,0.0,0,1
ETH/USDT,long,2025-08-23T14:45:00+00:00,2025-08-23T15:00:00+00:00,4725.1,4606.9725,4606.9725,4961.355,stoploss,-0.025000000000000105,-0.026200000000000105,10.0,2.0,-1.0,1.0,,-1.0,0.0,0,1
ETH/USDT,long,2025-08-23T15:00:00+00:00,2025-08-23T15:30:00+00:00,4730.0,4611.75,4611.75,4966.5,stoploss,-0.025,-0.0262,10.0,2.0,-1.0,1.0,,-1.0,0.0,0,2
ETH/USDT,long,2025-08-23T15:30:00+00:00,2025-08-23T16:00:00+00:00,4729.9,4611.6525,4611.6525,4966.395,stoploss,-0.024999999999999894,-0.026199999999999894,10.0,2.0,-1.0,1.0,,-1.0,0.08541406795070007,1,2
BTC/USDT,short,2025-08-24T16:30:00+00:00,2025-08-25T20:00:00+00:00,114436.2,108714.39,117297.105,108714.39,takeprofit,0.04999999999999998,0.04879999999999998,10.0,2.0,2.0,1.0,,-0.19707050740936982,2.0,110,110
BTC/USDT,short,2025-08-25T20:00:00+00:00,2025-08-25T20:30:00+00:00,110310.0,104794.5,113067.75,104794.5,takeprofit,0.05,0.0488,10.0,2.0,2.0,1.0,,-0.3442661590064343,2.0,2,2
BTC/USDT,short,2025-08-25T20:30:00+00:00,2025-08-25T20:45:00+00:00,110007.8,104507.41,112757.995,104507.41,takeprofit,0.049999999999999996,0.048799999999999996,10.0,2.0,2.0000000000000053,1.0,,0.0,2.0000000000000053,1,1
BTC/USDT,short,2025-08-25T20:45:00+00:00,2025-08-25T21:00:00+00:00,109719.3,104233.335,112462.2825,104233.335,takeprofit,0.04999999999999997,0.04879999999999997,10.0,2.0,2.0,1.0,,0.0,2.0,1,1
BTC/USDT,short,2025-08-25T21:00:00+00:00,2025-08-26T14:30:00+00:00,108929.4,111652.635,111652.635,103482.93,stoploss,-0.02500000000000001,-0.026200000000000008,10.0,2.0,-1.0,1.0,,-1.0,1.7392549669786093,15,70
ETH/USDT,long,2025-08-27T05:00:00+00:00,2025-08-27T05:15:00+00:00,4636.51,4520.59725,4520.59725,4868.3355,stoploss,-0.025000000000000088,-0.026200000000000088,10.0,2.0,-1.0,1.0,,-1.0,0.0,0,1
ETH/USDT,long,2025-08-27T05:15:00+00:00,2025-08-27T05:45:00+00:00,4650.43,4534.16925,4534.16925,4882.9515,stoploss,-0.025000000000000078,-0.026200000000000077,10.0,2.0,-1.0,1.0,,-1.0,0.013504127575296941,1,2
ETH/USDT,long,2025-08-27T09:00:00+00:00,2025-08-27T09:30:00+00:00,4643.67,4527.57825,4527.57825,4875.8535,stoploss,-0.02500000000000011,-0.02620000000000011,10.0,2.0,-1.0,1.0,,-1.0,0.07175359144814245,1,2
ETH/USDT,long,2025-08-27T09:30:00+00:00,2025-08-27T22:00:00+00:00,4600.05,4485.04875,4485.04875,4830.0525,stoploss,-0.025000000000000053,-0.026200000000000053,10.0,2.0,-1.0,1.0,,-1.0,0.5703416267214487,25,50
ETH/USDT,long,2025-08-28T04:45:00+00:00,2025-08-28T15:45:00+00:00,4596.2,4481.295,4481.295,4826.01,stoploss,-0.024999999999999946,-0.026199999999999946,10.0,2.0,-1.0,1.0,,-1.0,0.39258517906096935,22,44
BTC/USDT,long,2025-08-28T04:45:00+00:00,2025-08-29T07:15:00+00:00,112934.4,110111.04,110111.04,118581.12,stoploss,-0.025000000000000005,-0.026200000000000005,10.0,2.0,-1.0,1.0,,-1.0,0.6792970078204722,9,106
ETH/USDT,short,2025-08-29T09:15:00+00:00,2025-08-29T10:15:00+00:00,4338.83,4447.30075,4447.30075,4121.8885,stoploss,-0.025000000000000095,-0.026200000000000095,10.0,2.0,-1.0,1.0,,-1.0,0.3579766895683839,1,4
ETH/USDT,short,2025-08-29T14:00:00+00:00,2025-08-29T14:15:00+00:00,4288.72,4395.938,4395.938,4074.284,stoploss,-0.024999999999999963,-0.026199999999999963,10.0,2.0,-1.0,1.0,,-1.0,0.0,0,1
ETH/USDT,short,2025-08-29T14:15:00+00:00,2025-08-30T00:15:00+00:00,4294.41,4401.77025,4401.77025,4079.6895,stoploss,-0.024999999999999935,-0.026199999999999935,10.0,2.0,-1.0,1.0,,-1.0,0.4136540293078674,26,40
ETH/USDT,short,2025-08-30T02:30:00+00:00,2025-08-30T05:15:00+00:00,4317.59,4425.52975,4425.52975,4101.7105,stoploss,-0.024999999999999894,-0.026199999999999894,10.0,2.0,-1.0,1.0,,-1.0,0.6252562193260598,1,11
ETH/USDT,short,2025-08-30T17:45:00+00:00,2025-08-30T18:00:00+00:00,4377.89,4487.33725,4487.33725,4158.9955,stoploss,-0.024999999999999828,-0.026199999999999828,10.0,2.0,-1.0,1.0,,-1.0,0.0,0,1
ETH/USDT,short,2025-08-30T18:30:00+00:00,2025-08-30T18:45:00+00:00,4389.07,4498.79675,4498.79675,4169.6165,stoploss,-0.025000000000000164,-0.026200000000000164,10.0,2.0,-1.0,1.0,,-1.0,0.0,0,1
ETH/USDT,short,2025-09-01T00:00:00+00:00,2025-09-01T00:45:00+00:00,4384.57,4494.18425,4494.18425,4165.3415,stoploss,-0.025000000000000123,-0.026200000000000122,10.0,2.0,-1.0,1.0,,-1.0,0.3910987850575968,2,3
ETH/USDT,short,2025-09-01T00:45:00+00:00,2025-09-01T07:15:00+00:00,4365.61,4474.75025,4474.75025,4147.3295,stoploss,-0.025000000000000088,-0.026200000000000088,10.0,2.0,-1.0,1.0,,-1.0,0.41790265277933225,9,26
ETH/USDT,short,2025-09-01T17:15:00+00:00,2025-09-01T17:45:00+00:00,4316.35,4424.25875,4424.25875,4100.5325,stoploss,-0.024999999999999904,-0.026199999999999904,10.0,2.0,-1.0,1.0,,-1.0,0.15902324880976593,1,2
ETH/USDT,short,2025-09-01T17:45:00+00:00,2025-09-02T05:15:00+00:00,4320.78,4428.7995,4428.7995,4104.741,stoploss,-0.025000000000000078,-0.026200000000000077,10.0,2.0,-1.0,1.0,,-1.0,0.8404038159776658,37,46
BTC/USDT,short,2025-09-01T21:00:00+00:00,2025-09-02T09:00:00+00:00,108374.0,111083.35,111083.35,102955.3,stoploss,-0.025000000000000053,-0.026200000000000053,10.0,2.0,-1.0,1.0,,-1.0,0.6916788159521642,2,48
ETH/USDT,short,2025-09-02T12:45:00+00:00,2025-09-02T13:00:00+00:00,4275.12,4381.998,4381.998,4061.364,stoploss,-0.024999999999999932,-0.02619999999999993,10.0,2.0,-1.0,1.0,,-1.0,0.0,0,1
ETH/USDT,short,2025-09-02T13:00:00+00:00,2025-09-02T13:15:00+00:00,4290.87,4398.14175,4398.14175,4076.3265,stoploss,-0.024999999999999974,-0.026199999999999973,10.0,2.0,-1.0,1.0,,-1.0,0.0,0,1
ETH/USDT,short,2025-09-02T13:15:00+00:00,2025-09-03T13:45:00+00:00,4303.6,4411.19,4411.19,4088.42,stoploss,-0.02499999999999982,-0.02619999999999982,10.0,2.0,-1.0,1.0,,-1.0,0.9628218235895611,3,98
BTC/USDT,long,2025-09-03T14:30:00+00:00,2025-09-04T14:00:00+00:00,112425.2,109614.57,109614.57,118046.46,stoploss,-0.02499999999999991,-0.02619999999999991,10.0,2.0,-1.0,1.0,,-1.0,0.02284185396156638,1,94
ETH/USDT,short,2025-09-04T16:00:00+00:00,2025-09-04T16:15:00+00:00,4305.63,4413.27075,4413.27075,4090.3485,stoploss,-0.0249999999999999,-0.0261999999999999,10.0,2.0,-1.0,1.0,,-1.0,0.0,0,1
ETH/USDT,short,2025-09-04T16:15:00+00:00,2025-09-04T16:30:00+00:00,4305.58,4413.2195,4413.2195,4090.301,stoploss,-0.025000000000000053,-0.026200000000000053,10.0,2.0,-1.0,1.0,,-1.0,0.0,0,1
ETH/USDT,short,2025-09-04T16:30:00+00:00,2025-09-04T16:45:00+00:00,4298.58,4406.0445,4406.0445,4083.651,stoploss,-0.025000000000000012,-0.02620000000000001,10.0,2.0,-1.0,1.0,,-1.0,0.0,0,1
ETH/USDT,short,2025-09-04T16:45:00+00:00,2025-09-04T17:00:00+00:00,4311.05,4418.82625,4418.82625,4095.4975,stoploss,-0.024999999999999974,-0.026199999999999973,10.0,2.0,-1.0,1.0,,-1.0,0.0,0,1
ETH/USDT,short,2025-09-04T17:00:00+00:00,2025-09-04T17:45:00+00:00,4310.59,4418.35475,4418.35475,4095.0605,stoploss,-0.025000000000000064,-0.026200000000000064,10.0,2.0,-1.0,1.0,,-1.0,0.00027838416550630203,1,3
ETH/USDT,short,2025-09-05T00:15:00+00:00,2025-09-05T01:30:00+00:00,4299.12,4406.598,4406.598,4084.164,stoploss,-0.025000000000000015,-0.026200000000000015,10.0,2.0,-1.0,1.0,,-1.0,0.03833342637562932,1,5
BTC/USDT,long,2025-09-05T08:00:00+00:00,2025-09-05T10:30:00+00:00,112830.1,118471.605,110009.3475,118471.605,takeprofit,0.04999999999999991,0.04879999999999991,10.0,2.0,1.9999999999999951,1.0,,-0.3259768448312992,1.999999999999995,10,10
ETH/USDT,short,2025-09-05T14:30:00+00:00,2025-09-05T14:45:00+00:00,4291.01,4398.28525,4398.28525,4076.4595,stoploss,-0.024999999999999925,-0.026199999999999925,10.0,2.0,-1.0,1.0,,-1.0,0.0,0,1
ETH/USDT,short,2025-09-05T14:45:00+00:00,2025-09-05T15:00:00+00:00,4278.13,4385.08325,4385.08325,4064.2235,stoploss,-0.024999999999999897,-0.026199999999999897,10.0,2.0,-1.0,1.0,,-1.0,0.0,0,1
ETH/USDT,short,2025-09-05T15:00:00+00:00,2025-09-05T15:15:00+00:00,4287.79,4394.98475,4394.98475,4073.4005,stoploss,-0.02499999999999992,-0.02619999999999992,10.0,2.0,-1.0,1.0,,-1.0,0.0,0,1
ETH/USDT,short,2025-09-05T15:15:00+00:00,2025-09-05T15:30:00+00:00,4296.16,4403.564,4403.564,4081.352,stoploss,-0.025000000000000105,-0.026200000000000105,10.0,2.0,-1.0,1.0,,-1.0,0.0,0,1
ETH/USDT,short,2025-09-05T15:30:00+00:00,2025-09-05T16:30:00+00:00,4293.99,4401.33975,4401.33975,4079.2905,stoploss,-0.025000000000000074,-0.026200000000000074,10.0,2.0,-1.0,1.0,,-1.0,0.31662859019233563,1,4
ETH/USDT,short,2025-09-05T16:30:00+00:00,2025-09-05T16:45:00+00:00,4300.0,4407.5,4407.5,4085.0,stoploss,-0.025,-0.0262,10.0,2.0,-1.0,1.0,,-1.0,0.0,0,1
ETH/USDT,short,2025-09-05T16:45:00+00:00,2025-09-05T17:00:00+00:00,4299.59,4407.07975,4407.07975,4084.6105,stoploss,-0.024999999999999935,-0.026199999999999935,10.0,2.0,-1.0,1.0,,-1.0,0.0,0,1
ETH/USDT,short,2025-09-05T17:00:00+00:00,2025-09-05T17:15:00+00:00,4298.1,4405.5525,4405.5525,4083.195,stoploss,-0.024999999999999863,-0.026199999999999862,10.0,2.0,-1.0,1.0,,-1.0,0.0,0,1
BTC/USDT,long,2025-09-05T12:45:00+00:00,2025-09-05T17:30:00+00:00,113125.1,110296.9725,110296.9725,118781.355,stoploss,-0.02500000000000002,-0.02620000000000002,10.0,2.0,-1.0,1.0,,-1.0,1.3701291755764162,2,19
ETH/USDT,short,2025-09-06T00:00:00+00:00,2025-09-06T14:45:00+00:00,4302.81,4410.38025,4410.38025,4087.6695,stoploss,-0.024999999999999942,-0.026199999999999942,10.0,2.0,-1.0,1.0,,-1.0,0.21204747595176596,2,59
ETH/USDT,short,2025-09-06T15:00:00+00:00,2025-09-06T15:45:00+00:00,4282.0,4389.05,4389.05,4067.9,stoploss,-0.025000000000000043,-0.026200000000000043,10.0,2.0,-1.0,1.0,,-1.0,0.018682858477347002,1,3
ETH/USDT,short,2025-09-06T15:45:00+00:00,2025-09-06T16:15:00+00:00,4280.0,4387.0,4387.0,4066.0,stoploss,-0.025,-0.0262,10.0,2.0,-1.0,1.0,,-1.0,0.09345794392523364,1,2
ETH/USDT,short,2025-09-06T16:15:00+00:00,2025-09-07T08:15:00+00:00,4266.0,4372.65,4372.65,4052.7,stoploss,-0.024999999999999915,-0.026199999999999914,10.0,2.0,-1.0,1.0,,-1.0,0.3838724800750093,29,64
BTC/USDT,long,2025-09-06T10:00:00+00:00,2025-09-11T09:00:00+00:00,110792.3,116331.915,108022.4925,116331.915,takeprofit,0.04999999999999991,0.04879999999999991,10.0,2.0,1.9999999999999896,1.0,,-0.31482332255941864,1.9999999999999896,476,476
ETH/USDT,long,2025-09-11T07:00:00+00:00,2025-09-11T09:00:00+00:00,4440.1,4329.0975,4329.0975,4662.105,stoploss,-0.025000000000000112,-0.026200000000000112,10.0,2.0,-1.0,1.0,,-1.0,0.08918718046890467,6,8
ETH/USDT,long,2025-09-11T10:30:00+00:00,2025-09-11T10:45:00+00:00,4862.0,4740.45,4740.45,5105.1,stoploss,-0.025000000000000036,-0.026200000000000036,10.0,2.0,-1.0,1.0,,-1.0,0.0,0,1
ETH/USDT,long,2025-09-11T10:45:00+00:00,2025-09-11T11:00:00+00:00,4677.0,4560.075,4560.075,4910.85,stoploss,-0.02500000000000004,-0.02620000000000004,10.0,2.0,-1.0,1.0,,-1.0,0.0,0,1
ETH/USDT,long,2025-09-11T11:00:00+00:00,2025-09-11T11:15:00+00:00,4759.99,4640.99025,4640.99025,4997.9895,stoploss,-0.02499999999999999,-0.02619999999999999,10.0,2.0,-1.0,1.0,,-1.0,0.0,0,1
ETH/USDT,long,2025-09-11T11:15:00+00:00,2025-09-11T11:45:00+00:00,4458.01,4680.9105,4346.55975,4680.9105,takeprofit,0.04999999999999994,0.04879999999999994,10.0,2.0,2.0,1.0,,-0.43077516649805875,2.0,2,2
BTC/USDT,long,2025-09-11T11:30:00+00:00,2025-09-11T12:00:00+00:00,113953.2,119650.86,111104.37,119650.86,takeprofit,0.05000000000000003,0.04880000000000003,10.0,2.0,2.0,1.0,,-0.08887859226419159,2.0,2,2
ETH/USDT,long,2025-09-11T12:00:00+00:00,2025-09-11T12:15:00+00:00,4594.9,4480.0275,4480.0275,4824.645,stoploss,-0.02499999999999989,-0.02619999999999989,10.0,2.0,-1.0,1.0,,-1.0,0.0,0,1
BTC/USDT,long,2025-09-11T12:00:00+00:00,2025-09-11T12:30:00+00:00,114314.3,111456.4425,111456.4425,120030.015,stoploss,-0.024999999999999984,-0.026199999999999984,10.0,2.0,-1.0,1.0,,-1.0,0.06550361590807001,1,2
BTC/USDT,long,2025-09-11T12:30:00+00:00,2025-09-11T14:30:00+00:00,113804.6,119494.83,110959.485,119494.83,takeprofit,0.04999999999999996,0.04879999999999996,10.0,2.0,1.9999999999999951,1.0,,-0.18392929635533253,1.999999999999995,8,8
ETH/USDT,long,2025-09-11T17:15:00+00:00,2025-09-11T22:00:00+00:00,4489.0,4376.775,4376.775,4713.45,stoploss,-0.02500000000000008,-0.02620000000000008,10.0,2.0,-1.0,1.0,,-1.0,0.0089106705279572,2,19
ETH/USDT,long,2025-09-11T22:15:00+00:00,2025-09-12T01:30:00+00:00,4440.25,4662.2625,4329.24375,4662.2625,takeprofit,0.04999999999999996,0.04879999999999996,10.0,2.0,1.999999999999992,1.0,,-0.8130172850627754,1.9999999999999918,13,13
ETH/USDT,long,2025-09-12T01:30:00+00:00,2025-09-12T02:00:00+00:00,4509.6,4396.86,4396.86,4735.08,stoploss,-0.02500000000000015,-0.02620000000000015,10.0,2.0,-1.0,1.0,,-1.0,0.014103246407656788,1,2
ETH/USDT,long,2025-09-12T02:15:00+00:00,2025-09-12T02:30:00+00:00,4600.0,4485.0,4485.0,4830.0,stoploss,-0.025,-0.0262,10.0,2.0,-1.0,1.0,,-1.0,0.0,0,1
ETH/USDT,long,2025-09-12T06:00:00+00:00,2025-09-12T06:30:00+00:00,4587.22,4472.5395,4472.5395,4816.581,stoploss,-0.025000000000000085,-0.026200000000000084,10.0,2.0,-1.0,1.0,,-1.0,0.9747079930764111,1,2
ETH/USDT,long,2025-09-12T06:30:00+00:00,2025-09-12T06:45:00+00:00,4699.0,4581.525,4581.525,4933.95,stoploss,-0.025000000000000078,-0.026200000000000077,10.0,2.0,-1.0,1.0,,-1.0,0.0,0,1
ETH/USDT,long,2025-09-12T06:45:00+00:00,2025-09-12T07:00:00+00:00,4699.0,4581.525,4581.525,4933.95,stoploss,-0.025000000000000078,-0.026200000000000077,10.0,2.0,-1.0,1.0,,-1.0,0.0,0,1
ETH/USDT,long,2025-09-12T07:00:00+00:00,2025-09-12T07:30:00+00:00,4545.7,4432.0575,4432.0575,4772.985,stoploss,-0.024999999999999984,-0.026199999999999984,10.0,2.0,-1.0,1.0,,-1.0,1.35776668059925,1,2
ETH/USDT,long,2025-09-12T14:30:00+00:00,2025-09-12T14:45:00+00:00,4523.25,4410.16875,4410.16875,4749.4125,stoploss,-0.02500000000000004,-0.02620000000000004,10.0,2.0,-1.0,1.0,,-1.0,0.0,0,1
ETH/USDT,long,2025-09-12T14:45:00+00:00,2025-09-12T15:00:00+00:00,4545.16,4431.531,4431.531,4772.418,stoploss,-0.02499999999999998,-0.02619999999999998,10.0,2.0,-1.0,1.0,,-1.0,0.0,0,1
ETH/USDT,long,2025-09-12T15:00:00+00:00,2025-09-12T15:15:00+00:00,4533.07,4419.74325,4419.74325,4759.7235,stoploss,-0.02499999999999984,-0.026199999999999838,10.0,2.0,-1.0,1.0,,-1.0,0.0,0,1
ETH/USDT,long,2025-09-12T17:00:00+00:00,2025-09-12T17:15:00+00:00,4582.95,4468.37625,4468.37625,4812.0975,stoploss,-0.024999999999999904,-0.026199999999999904,10.0,2.0,-1.0,1.0,,-1.0,0.0,0,1
ETH/USDT,long,2025-09-12T17:15:00+00:00,2025-09-12T17:30:00+00:00,4592.0,4477.2,4477.2,4821.6,stoploss,-0.02500000000000004,-0.02620000000000004,10.0,2.0,-1.0,1.0,,-1.0,0.0,0,1
ETH/USDT,long,2025-09-12T17:30:00+00:00,2025-09-12T18:30:00+00:00,4615.82,4500.4245,4500.4245,4846.611,stoploss,-0.02499999999999992,-0.02619999999999992,10.0,2.0,-1.0,1.0,,-1.0,0.29619872525358787,1,4
ETH/USDT,long,2025-09-12T19:45:00+00:00,2025-09-12T20:00:00+00:00,4656.89,4540.46775,4540.46775,4889.7345,stoploss,-0.025000000000000112,-0.026200000000000112,10.0,2.0,-1.0,1.0,,-1.0,0.0,0,1
ETH/USDT,long,2025-09-12T22:15:00+00:00,2025-09-12T23:30:00+00:00,4713.47,4595.63325,4595.63325,4949.1435,stoploss,-0.02500000000000008,-0.02620000000000008,10.0,2.0,-1.0,1.0,,-1.0,0.22514198668920907,1,5
ETH/USDT,long,2025-09-12T23:45:00+00:00,2025-09-13T00:00:00+00:00,4710.82,4593.0495,4593.0495,4946.361,stoploss,-0.02499999999999992,-0.02619999999999992,10.0,2.0,-1.0,1.0,,-1.0,0.0,0,1
ETH/USDT,long,2025-09-13T03:45:00+00:00,2025-09-13T08:15:00+00:00,4754.75,4635.88125,4635.88125,4992.4875,stoploss,-0.024999999999999925,-0.026199999999999925,10.0,2.0,-1.0,1.0,,-1.0,0.18718123981281934,1,18
ETH/USDT,long,2025-09-13T10:00:00+00:00,2025-09-13T10:15:00+00:00,4733.37,4615.03575,4615.03575,4970.0385,stoploss,-0.024999999999999977,-0.026199999999999977,10.0,2.0,-1.0,1.0,,-1.0,0.0,0,1
ETH/USDT,long,2025-09-14T05:45:00+00:00,2025-09-14T06:45:00+00:00,4673.97,4557.12075,4557.12075,4907.6685,stoploss,-0.025000000000000043,-0.026200000000000043,10.0,2.0,-1.0,1.0,,-1.0,0.6121562611655583,1,4
ETH/USDT,long,2025-09-14T09:30:00+00:00,2025-09-14T09:45:00+00:00,4667.48,4550.793,4550.793,4900.854,stoploss,-0.02499999999999998,-0.02619999999999998,10.0,2.0,-1.0,1.0,,-1.0,0.0,0,1
ETH/USDT,long,2025-09-14T10:00:00+00:00,2025-09-14T12:00:00+00:00,4660.3,4543.7925,4543.7925,4893.315,stoploss,-0.025000000000000133,-0.026200000000000133,10.0,2.0,-1.0,1.0,,-1.0,0.5982447481921718,1,8
ETH/USDT,long,2025-09-15T01:45:00+00:00,2025-09-15T04:15:00+00:00,4616.23,4847.0415,4500.82425,4847.0415,takeprofit,0.050000000000000155,0.048800000000000156,10.0,2.0,2.000000000000008,1.0,,-0.5652231366288042,2.000000000000008,10,10
BTC/USDT,long,2025-09-11T21:45:00+00:00,2025-09-15T09:30:00+00:00,115320.0,121086.0,112437.0,121086.0,takeprofit,0.05,0.0488,10.0,2.0,2.0,1.0,,-0.6312868539715574,2.0,335,335
ETH/USDT,long,2025-09-17T22:00:00+00:00,2025-09-19T09:45:00+00:00,4546.13,4432.47675,4432.47675,4773.4365,stoploss,-0.025000000000000064,-0.026200000000000064,10.0,2.0,-1.0,1.0,,-1.0,0.8875241139166687,66,143
ETH/USDT,long,2025-09-20T21:15:00+00:00,2025-09-20T21:45:00+00:00,4520.0,4407.0,4407.0,4746.0,stoploss,-0.025,-0.0262,10.0,2.0,-1.0,1.0,,-1.0,0.11504424778761062,1,2
ETH/USDT,long,2025-09-20T21:45:00+00:00,2025-09-20T22:00:00+00:00,4750.0,4631.25,4631.25,4987.5,stoploss,-0.025,-0.0262,10.0,2.0,-1.0,1.0,,-1.0,0.0,0,1
ETH/USDT,long,2025-09-20T22:00:00+00:00,2025-09-20T22:15:00+00:00,4646.05,4529.89875,4529.89875,4878.3525,stoploss,-0.024999999999999977,-0.026199999999999977,10.0,2.0,-1.0,1.0,,-1.0,0.0,0,1
ETH/USDT,long,2025-09-20T22:15:00+00:00,2025-09-20T22:30:00+00:00,4750.0,4631.25,4631.25,4987.5,stoploss,-0.025,-0.0262,10.0,2.0,-1.0,1.0,,-1.0,0.0,0,1
ETH/USDT,long,2025-09-20T22:30:00+00:00,2025-09-20T22:45:00+00:00,4505.0,4730.25,4392.375,4730.25,takeprofit,0.05,0.0488,10.0,2.0,2.0,1.0,,0.0,2.0,1,1
ETH/USDT,long,2025-09-20T22:45:00+00:00,2025-09-20T23:00:00+00:00,4740.0,4621.5,4621.5,4977.0,stoploss,-0.025,-0.0262,10.0,2.0,-1.0,1.0,,-1.0,0.0,0,1
ETH/USDT,long,2025-09-20T23:00:00+00:00,2025-09-20T23:30:00+00:00,4535.0,4421.625,4421.625,4761.75,stoploss,-0.025,-0.0262,10.0,2.0,-1.0,1.0,,-1.0,1.7199558985667034,1,2
ETH/USDT,long,2025-09-20T23:45:00+00:00,2025-09-21T00:00:00+00:00,4780.0,4660.5,4660.5,5019.0,stoploss,-0.025,-0.0262,10.0,2.0,-1.0,1.0,,-1.0,0.0,0,1
ETH/USDT,long,2025-09-21T00:00:00+00:00,2025-09-21T00:15:00+00:00,4768.0,4648.8,4648.8,5006.4,stoploss,-0.024999999999999963,-0.026199999999999963,10.0,2.0,-1.0,1.0,,-1.0,0.0,0,1
ETH/USDT,long,2025-09-21T00:15:00+00:00,2025-09-21T00:30:00+00:00,4506.04,4393.389,4393.389,4731.342,stoploss,-0.024999999999999963,-0.026199999999999963,10.0,2.0,-1.0,1.0,,-1.0,0.0,0,1
ETH/USDT,short,2025-09-22T00:30:00+00:00,2025-09-22T01:00:00+00:00,4359.0,4467.975,4467.975,4141.05,stoploss,-0.025000000000000085,-0.026200000000000084,10.0,2.0,-1.0,1.0,,-1.0,0.3578802477632473,1,2
ETH/USDT,short,2025-09-22T01:00:00+00:00,2025-09-22T02:15:00+00:00,4339.94,4448.4385,4448.4385,4122.943,stoploss,-0.02500000000000014,-0.02620000000000014,10.0,2.0,-1.0,1.0,,-1.0,0.19659257962091464,4,5
ETH/USDT,short,2025-09-22T02:15:00+00:00,2025-09-22T03:00:00+00:00,4307.84,4415.536,4415.536,4092.448,stoploss,-0.02499999999999998,-0.02619999999999998,10.0,2.0,-1.0,1.0,,-1.0,1.001337097013819,1,3
ETH/USDT,short,2025-09-22T03:00:00+00:00,2025-09-22T03:30:00+00:00,4296.4,4403.81,4403.81,4081.58,stoploss,-0.02500000000000018,-0.026200000000000178,10.0,2.0,-1.0,1.0,,-1.0,0.8974955776929424,1,2
ETH/USDT,short,2025-09-22T03:30:00+00:00,2025-09-22T03:45:00+00:00,4292.43,4399.74075,4399.74075,4077.8085,stoploss,-0.024999999999999915,-0.026199999999999914,10.0,2.0,-1.0,1.0,,-1.0,0.0,0,1
BTC/USDT,long,2025-09-15T23:45:00+00:00,2025-09-22T06:00:00+00:00,115636.6,112745.685,112745.685,121418.43,stoploss,-0.02500000000000007,-0.02620000000000007,10.0,2.0,-1.0,1.0,,-1.0,0.8036209988878921,207,601
ETH/USDT,short,2025-09-22T05:45:00+00:00,2025-09-22T06:00:00+00:00,4220.0,4009.0,4325.5,4009.0,takeprofit,0.05,0.0488,10.0,2.0,2.0,1.0,,0.0,2.0,1,1
ETH/USDT,short,2025-09-22T06:00:00+00:00,2025-09-22T08:00:00+00:00,4152.13,4255.93325,4255.93325,3944.5235,stoploss,-0.024999999999999984,-0.026199999999999984,10.0,2.0,-1.0,1.0,,-1.0,0.30952788087078326,1,8
BTC/USDT,short,2025-09-22T06:00:00+00:00,2025-09-22T08:15:00+00:00,112952.7,115776.5175,115776.5175,107305.065,stoploss,-0.025000000000000043,-0.026200000000000043,10.0,2.0,-1.0,1.0,,-1.0,0.20610397095421323,8,9
ETH/USDT,short,2025-09-22T15:45:00+00:00,2025-09-22T21:30:00+00:00,4165.46,3957.187,4269.5965,3957.187,takeprofit,0.05000000000000003,0.04880000000000003,10.0,2.0,2.0000000000000084,1.0,,-0.3316800545437968,2.000000000000009,23,23
ETH/USDT,short,2025-09-23T01:00:00+00:00,2025-09-23T02:00:00+00:00,4176.26,4280.6665,4280.6665,3967.447,stoploss,-0.025000000000000012,-0.02620000000000001,10.0,2.0,-1.0,1.0,,-1.0,0.4430758621350222,3,4
ETH/USDT,short,2025-09-23T02:00:00+00:00,2025-09-23T02:15:00+00:00,4175.72,3966.934,4280.113,3966.934,takeprofit,0.05000000000000001,0.04880000000000001,10.0,2.0,2.0,1.0,,0.0,2.0,1,1
ETH/USDT,short,2025-09-23T02:15:00+00:00,2025-09-23T03:00:00+00:00,4156.94,3949.093,4260.8635,3949.093,takeprofit,0.04999999999999995,0.04879999999999995,10.0,2.0,1.9999999999999825,1.0,,-0.05167262457481474,1.9999999999999825,3,3
ETH/USDT,short,2025-09-23T03:00:00+00:00,2025-09-23T04:15:00+00:00,4136.3,3929.485,4239.7075,3929.485,takeprofit,0.05000000000000001,0.04880000000000001,10.0,2.0,1.9999999999999956,1.0,,-0.5701714092304706,1.9999999999999956,5,5
ETH/USDT,short,2025-09-23T09:45:00+00:00,2025-09-23T10:00:00+00:00,4189.92,4294.668,4294.668,3980.424,stoploss,-0.0249999999999999,-0.0261999999999999,10.0,2.0,-1.0,1.0,,-1.0,0.0,0,1
ETH/USDT,short,2025-09-23T19:45:00+00:00,2025-09-24T04:15:00+00:00,4150.82,3943.279,4254.5905,3943.279,takeprofit,0.04999999999999993,0.048799999999999934,10.0,2.0,1.999999999999987,1.0,,-0.9557629576806489,1.999999999999987,34,34
ETH/USDT,short,2025-09-24T04:15:00+00:00,2025-09-24T10:45:00+00:00,4127.33,3920.9635,4230.51325,3920.9635,takeprofit,0.050000000000000024,0.048800000000000024,10.0,2.0,2.0,1.0,,-0.5367150191528187,2.0,26,26
ETH/USDT,short,2025-09-24T10:45:00+00:00,2025-09-25T04:45:00+00:00,4171.46,3962.887,4275.7465,3962.887,takeprofit,0.04999999999999997,0.04879999999999997,10.0,2.0,1.9999999999999956,1.0,,-0.31969622146682547,1.9999999999999956,72,72
ETH/USDT,short,2025-09-25T04:45:00+00:00,2025-09-25T12:15:00+00:00,4001.07,3801.0165,4101.09675,3801.0165,takeprofit,0.049999999999999996,0.048799999999999996,10.0,2.0,2.0000000000000093,1.0,,-0.5091637986838528,2.000000000000009,30,30
ETH/USDT,short,2025-09-25T12:15:00+00:00,2025-09-25T19:15:00+00:00,3947.67,3750.2865,4046.36175,3750.2865,takeprofit,0.049999999999999975,0.048799999999999975,10.0,2.0,2.0,1.0,,-0.9760694282956779,2.0,28,28
ETH/USDT,short,2025-09-25T23:45:00+00:00,2025-09-26T01:45:00+00:00,3866.15,3962.80375,3962.80375,3672.8425,stoploss,-0.024999999999999984,-0.026199999999999984,10.0,2.0,-1.0,1.0,,-1.0,0.6844017950674457,3,8
ETH/USDT,short,2025-09-26T10:00:00+00:00,2025-09-26T16:45:00+00:00,3891.01,3988.28525,3988.28525,3696.4595,stoploss,-0.024999999999999918,-0.026199999999999918,10.0,2.0,-1.0,1.0,,-1.0,0.1422766839458155,1,27
ETH/USDT,short,2025-09-27T09:15:00+00:00,2025-09-28T22:00:00+00:00,3973.47,4072.80675,4072.80675,3774.7965,stoploss,-0.0250000000000001,-0.026200000000000098,10.0,2.0,-1.0,1.0,,-1.0,0.1758664341243269,109,147
BTC/USDT,short,2025-09-22T16:45:00+00:00,2025-09-29T13:45:00+00:00,112558.3,115372.2575,115372.2575,106930.385,stoploss,-0.025000000000000036,-0.026200000000000036,10.0,2.0,-1.0,1.0,,-1.0,1.4159062459187806,293,660
BTC/USDT,long,2025-09-29T13:45:00+00:00,2025-10-02T00:00:00+00:00,113179.5,118838.475,110350.0125,118838.475,takeprofit,0.05000000000000005,0.04880000000000005,10.0,2.0,2.0,1.0,,-0.2048074077019246,2.0,233,233
BTC/USDT,long,2025-10-02T00:00:00+00:00,2025-10-02T10:45:00+00:00,119097.2,116119.77,116119.77,125052.06,stoploss,-0.024999999999999942,-0.026199999999999942,10.0,2.0,-1.0,1.0,,-1.0,0.022704144178034742,1,43
ETH/USDT,long,2025-10-01T23:45:00+00:00,2025-10-03T16:30:00+00:00,4346.06,4563.363,4237.4085,4563.363,takeprofit,0.04999999999999997,0.04879999999999997,10.0,2.0,1.9999999999999833,1.0,,-0.22797660409658627,1.9999999999999833,163,163
ETH/USDT,long,2025-10-03T16:30:00+00:00,2025-10-03T17:45:00+00:00,4576.36,4461.951,4461.951,4805.178,stoploss,-0.024999999999999925,-0.026199999999999925,10.0,2.0,-1.0,1.0,,-1.0,0.03032978174794173,1,5
ETH/USDT,long,2025-10-03T19:30:00+00:00,2025-10-07T13:15:00+00:00,4520.87,4746.9135,4407.84825,4746.9135,takeprofit,0.04999999999999995,0.04879999999999995,10.0,2.0,2.0,1.0,,-0.7141103371696167,2.0,359,359
ETH/USDT,long,2025-10-07T13:15:00+00:00,2025-10-07T14:30:00+00:00,4752.85,4634.02875,4634.02875,4990.4925,stoploss,-0.02499999999999999,-0.02619999999999999,10.0,2.0,-1.0,1.0,,-1.0,0.0005891202120808271,1,5
ETH/USDT,short,2025-10-09T16:00:00+00:00,2025-10-10T15:30:00+00:00,4318.0,4102.1,4425.95,4102.1,takeprofit,0.04999999999999991,0.04879999999999991,10.0,2.0,2.0,1.0,,-0.6669754515979631,2.0,94,94
BTC/USDT,long,2025-10-03T14:30:00+00:00,2025-10-10T17:45:00+00:00,120603.4,117588.315,117588.315,126633.57,stoploss,-0.024999999999999932,-0.02619999999999993,10.0,2.0,-1.0,1.0,,-1.0,1.8351389761814412,305,685
ETH/USDT,short,2025-10-10T15:30:00+00:00,2025-10-10T20:45:00+00:00,4131.1,3924.545,4234.3775,3924.545,takeprofit,0.050000000000000065,0.048800000000000066,10.0,2.0,2.0000000000000173,1.0,,-0.030403524484998584,2.0000000000000178,21,21
ETH/USDT,short,2025-10-10T20:45:00+00:00,2025-10-10T21:00:00+00:00,3857.74,3664.853,3954.1835,3664.853,takeprofit,0.049999999999999926,0.04879999999999993,10.0,2.0,1.9999999999999907,1.0,,0.0,1.9999999999999907,1,1
BTC/USDT,short,2025-10-10T20:45:00+00:00,2025-10-10T21:15:00+00:00,114280.7,108566.665,117137.7175,108566.665,takeprofit,0.05000000000000003,0.04880000000000003,10.0,2.0,2.0,1.0,,-0.251731044699585,2.0,2,2
ETH/USDT,short,2025-10-10T21:00:00+00:00,2025-10-10T21:15:00+00:00,3696.41,3511.5895,3788.82025,3511.5895,takeprofit,0.049999999999999954,0.048799999999999955,10.0,2.0,1.9999999999999902,1.0,,0.0,1.9999999999999902,1,1
ETH/USDT,short,2025-10-10T21:15:00+00:00,2025-10-10T21:30:00+00:00,3617.04,3707.466,3707.466,3436.188,stoploss,-0.02499999999999998,-0.02619999999999998,10.0,2.0,-1.0,1.0,,-1.0,0.0,0,1
BTC/USDT,short,2025-10-10T21:15:00+00:00,2025-10-10T21:45:00+00:00,109359.8,112093.795,112093.795,103891.81,stoploss,-0.024999999999999956,-0.026199999999999956,10.0,2.0,-1.0,1.0,,-1.0,0.21506988856965759,1,2
ETH/USDT,short,2025-10-10T21:30:00+00:00,2025-10-10T21:45:00+00:00,3821.4,3916.935,3916.935,3630.33,stoploss,-0.02499999999999996,-0.02619999999999996,10.0,2.0,-1.0,1.0,,-1.0,0.0,0,1
ETH/USDT,short,2025-10-10T21:45:00+00:00,2025-10-11T01:45:00+00:00,3932.43,3735.8085,4030.74075,3735.8085,takeprofit,0.04999999999999993,0.048799999999999934,10.0,2.0,1.9999999999999953,1.0,,-0.05258834868007891,1.9999999999999953,16,16
ETH/USDT,short,2025-10-11T01:45:00+00:00,2025-10-11T02:30:00+00:00,3732.68,3825.997,3825.997,3546.046,stoploss,-0.025,-0.0262,10.0,2.0,-1.0,1.0,,-1.0,0.000214323220849168,1,3
ETH/USDT,short,2025-10-11T12:45:00+00:00,2025-10-12T14:45:00+00:00,3821.5,3917.0375,3917.0375,3630.425,stoploss,-0.024999999999999977,-0.026199999999999977,10.0,2.0,-1.0,1.0,,-1.0,1.8160408216668864,33,104
ETH/USDT,short,2025-10-14T07:00:00+00:00,2025-10-14T16:15:00+00:00,4003.76,4103.854,4103.854,3803.572,stoploss,-0.025000000000000012,-0.02620000000000001,10.0,2.0,-1.0,1.0,,-1.0,1.0859791795712053,14,37
BTC/USDT,short,2025-10-10T21:45:00+00:00,2025-10-16T16:30:00+00:00,113243.4,107581.23,116074.485,107581.23,takeprofit,0.04999999999999999,0.04879999999999999,10.0,2.0,1.9999999999999951,1.0,,-0.9030106831833005,1.999999999999995,555,555
ETH/USDT,short,2025-10-15T15:00:00+00:00,2025-10-17T07:00:00+00:00,4003.69,3803.5055,4103.78225,3803.5055,takeprofit,0.04999999999999996,0.04879999999999996,10.0,2.0,1.9999999999999956,1.0,,-0.6989552138152547,1.9999999999999956,160,160
ETH/USDT,short,2025-10-17T07:00:00+00:00,2025-10-18T07:00:00+00:00,3790.23,3884.98575,3884.98575,3600.7185,stoploss,-0.02499999999999995,-0.02619999999999995,10.0,2.0,-1.0,1.0,,-1.0,1.1827250589014429,13,96
ETH/USDT,short,2025-10-18T09:15:00+00:00,2025-10-19T09:45:00+00:00,3883.44,3980.526,3980.526,3689.268,stoploss,-0.024999999999999946,-0.026199999999999946,10.0,2.0,-1.0,1.0,,-1.0,0.33908081494757375,19,98
BTC/USDT,short,2025-10-16T16:30:00+00:00,2025-10-19T11:00:00+00:00,107960.7,110659.7175,110659.7175,102562.665,stoploss,-0.025000000000000015,-0.026200000000000015,10.0,2.0,-1.0,1.0,,-1.0,1.6472290379740002,71,266
BTC/USDT,short,2025-10-21T04:00:00+00:00,2025-10-21T14:45:00+00:00,108220.6,110926.115,110926.115,102809.57,stoploss,-0.024999999999999994,-0.026199999999999994,10.0,2.0,-1.0,1.0,,-1.0,0.28693243245740757,7,43
ETH/USDT,short,2025-10-20T16:00:00+00:00,2025-10-21T14:45:00+00:00,3977.0,4076.425,4076.425,3778.15,stoploss,-0.025000000000000046,-0.026200000000000046,10.0,2.0,-1.0,1.0,,-1.0,1.3475484033190825,52,91
BTC/USDT,long,2025-10-21T16:00:00+00:00,2025-10-21T21:15:00+00:00,113377.9,110543.4525,110543.4525,119046.795,stoploss,-0.024999999999999956,-0.026199999999999956,10.0,2.0,-1.0,1.0,,-1.0,0.19047803848898584,2,21
ETH/USDT,short,2025-10-22T00:00:00+00:00,2025-10-23T06:45:00+00:00,3898.0,3995.45,3995.45,3703.1,stoploss,-0.024999999999999953,-0.026199999999999952,10.0,2.0,-1.0,1.0,,-1.0,1.9347357619291976,44,123
BTC/USDT,short,2025-10-22T00:00:00+00:00,2025-10-23T18:00:00+00:00,108479.6,111191.59,111191.59,103055.62,stoploss,-0.02499999999999991,-0.02619999999999991,10.0,2.0,-1.0,1.0,,-1.0,0.6678859435322435,84,168
ETH/USDT,short,2025-10-23T14:30:00+00:00,2025-10-24T04:30:00+00:00,3837.91,3933.85775,3933.85775,3646.0145,stoploss,-0.02500000000000007,-0.02620000000000007,10.0,2.0,-1.0,1.0,,-1.0,0.17082214017524983,28,56
BTC/USDT,long,2025-10-25T04:00:00+00:00,2025-10-26T14:00:00+00:00,111071.9,108295.1025,108295.1025,116625.495,stoploss,-0.025000000000000005,-0.026200000000000005,10.0,2.0,-1.0,1.0,,-1.0,1.020744220635465,135,136
ETH/USDT,long,2025-10-25T07:30:00+00:00,2025-10-26T22:00:00+00:00,3928.59,4125.0195,3830.37525,4125.0195,takeprofit,0.050000000000000044,0.048800000000000045,10.0,2.0,2.0,1.0,,-0.08746140472790633,2.0,154,154
ETH/USDT,long,2025-10-26T22:00:00+00:00,2025-10-28T20:00:00+00:00,4131.12,4027.842,4027.842,4337.676,stoploss,-0.02499999999999995,-0.02619999999999995,10.0,2.0,-1.0,1.0,,-1.0,1.1355758244737504,29,184
BTC/USDT,long,2025-10-27T05:15:00+00:00,2025-10-28T20:15:00+00:00,115535.2,112646.82,112646.82,121311.96,stoploss,-0.024999999999999915,-0.026199999999999914,10.0,2.0,-1.0,1.0,,-1.0,0.2698398410181525,7,156
ETH/USDT,short,2025-10-30T00:00:00+00:00,2025-10-30T16:15:00+00:00,3900.42,3997.9305,3997.9305,3705.399,stoploss,-0.024999999999999967,-0.026199999999999966,10.0,2.0,-1.0,1.0,,-1.0,1.431230482871077,55,65
ETH/USDT,short,2025-10-30T18:45:00+00:00,2025-10-31T00:15:00+00:00,3722.71,3815.77775,3815.77775,3536.5745,stoploss,-0.025000000000000043,-0.026200000000000043,10.0,2.0,-1.0,1.0,,-1.0,0.45891299617751546,3,22
ETH/USDT,short,2025-11-03T02:00:00+00:00,2025-11-03T15:15:00+00:00,3824.21,3632.9995,3919.81525,3632.9995,takeprofit,0.05000000000000004,0.04880000000000004,10.0,2.0,2.0,1.0,,-0.07091660761307293,2.0,53,53
ETH/USDT,short,2025-11-03T15:15:00+00:00,2025-11-03T16:15:00+00:00,3630.23,3720.98575,3720.98575,3448.7185,stoploss,-0.024999999999999946,-0.026199999999999946,10.0,2.0,-1.0,1.0,,-1.0,0.7187423386397023,3,4
ETH/USDT,short,2025-11-03T16:15:00+00:00,2025-11-03T16:30:00+00:00,3612.0,3702.3,3702.3,3431.4,stoploss,-0.02500000000000005,-0.02620000000000005,10.0,2.0,-1.0,1.0,,-1.0,0.0,0,1
ETH/USDT,short,2025-11-03T16:30:00+00:00,2025-11-03T16:45:00+00:00,3606.35,3696.50875,3696.50875,3426.0325,stoploss,-0.025000000000000015,-0.026200000000000015,10.0,2.0,-1.0,1.0,,-1.0,0.0,0,1
ETH/USDT,short,2025-11-03T16:45:00+00:00,2025-11-03T17:00:00+00:00,3621.3,3711.8325,3711.8325,3440.235,stoploss,-0.024999999999999942,-0.026199999999999942,10.0,2.0,-1.0,1.0,,-1.0,0.0,0,1
ETH/USDT,short,2025-11-03T17:00:00+00:00,2025-11-03T17:15:00+00:00,3632.09,3722.89225,3722.89225,3450.4855,stoploss,-0.024999999999999925,-0.026199999999999925,10.0,2.0,-1.0,1.0,,-1.0,0.0,0,1
ETH/USDT,short,2025-11-03T20:15:00+00:00,2025-11-03T20:45:00+00:00,3602.21,3692.26525,3692.26525,3422.0995,stoploss,-0.02499999999999997,-0.02619999999999997,10.0,2.0,-1.0,1.0,,-1.0,0.11393005960230226,1,2
BTC/USDT,short,2025-10-29T20:00:00+00:00,2025-11-04T05:30:00+00:00,110505.2,104979.94,113267.83,104979.94,takeprofit,0.049999999999999954,0.048799999999999955,10.0,2.0,1.9999999999999947,1.0,,-0.4405946507494652,1.9999999999999947,518,518
BTC/USDT,short,2025-11-04T05:30:00+00:00,2025-11-04T09:15:00+00:00,104967.0,107591.175,107591.175,99718.65,stoploss,-0.02500000000000003,-0.02620000000000003,10.0,2.0,-1.0,1.0,,-1.0,0.4957748625758566,6,15
ETH/USDT,short,2025-11-03T20:45:00+00:00,2025-11-04T17:00:00+00:00,3586.63,3407.2985,3676.29575,3407.2985,takeprofit,0.050000000000000065,0.048800000000000066,10.0,2.0,2.0,1.0,,-0.6908992564050347,2.0,81,81
ETH/USDT,short,2025-11-04T17:00:00+00:00,2025-11-04T20:15:00+00:00,3384.06,3214.857,3468.6615,3214.857,takeprofit,0.049999999999999996,0.048799999999999996,10.0,2.0,1.9999999999999947,1.0,,-0.35011199565019313,1.9999999999999947,13,13
ETH/USDT,short,2025-11-04T20:15:00+00:00,2025-11-04T22:00:00+00:00,3182.49,3262.05225,3262.05225,3023.3655,stoploss,-0.02500000000000013,-0.02620000000000013,10.0,2.0,-1.0,1.0,,-1.0,1.4660218885212433,5,7
ETH/USDT,short,2025-11-05T01:30:00+00:00,2025-11-05T02:00:00+00:00,3176.65,3256.06625,3256.06625,3017.8175,stoploss,-0.024999999999999925,-0.026199999999999925,10.0,2.0,-1.0,1.0,,-1.0,0.0001259188138475225,1,2
BTC/USDT,short,2025-11-04T16:00:00+00:00,2025-11-05T17:45:00+00:00,103053.9,105630.2475,105630.2475,97901.205,stoploss,-0.025000000000000036,-0.026200000000000036,10.0,2.0,-1.0,1.0,,-1.0,1.597882273257001,22,103
ETH/USDT,short,2025-11-06T05:30:00+00:00,2025-11-07T12:15:00+00:00,3396.09,3226.2855,3480.99225,3226.2855,takeprofit,0.05000000000000005,0.04880000000000005,10.0,2.0,2.0000000000000107,1.0,,-0.18774531888142096,2.0000000000000107,123,123
ETH/USDT,short,2025-11-07T12:15:00+00:00,2025-11-07T15:00:00+00:00,3214.78,3295.1495,3295.1495,3054.041,stoploss,-0.024999999999999932,-0.02619999999999993,10.0,2.0,-1.0,1.0,,-1.0,0.21799314416538648,2,11
BTC/USDT,short,2025-11-06T14:30:00+00:00,2025-11-07T21:00:00+00:00,102464.3,105025.9075,105025.9075,97341.085,stoploss,-0.02499999999999998,-0.02619999999999998,10.0,2.0,-1.0,1.0,,-1.0,1.2488642385689486,89,122
BTC/USDT,short,2025-11-09T09:45:00+00:00,2025-11-09T18:45:00+00:00,101602.3,104142.3575,104142.3575,96522.185,stoploss,-0.024999999999999953,-0.026199999999999952,10.0,2.0,-1.0,1.0,,-1.0,0.055392446824529505,1,36
BTC/USDT,long,2025-11-10T13:30:00+00:00,2025-11-11T14:45:00+00:00,106366.7,103707.5325,103707.5325,111685.035,stoploss,-0.024999999999999963,-0.026199999999999963,10.0,2.0,-1.0,1.0,,-1.0,0.40738313776774293,47,101
BTC/USDT,long,2025-11-12T08:15:00+00:00,2025-11-12T19:00:00+00:00,103736.7,101143.2825,101143.2825,108923.535,stoploss,-0.02499999999999996,-0.02619999999999996,10.0,2.0,-1.0,1.0,,-1.0,0.6799136660410465,26,43
ETH/USDT,short,2025-11-11T15:00:00+00:00,2025-11-13T17:00:00+00:00,3498.8,3323.86,3586.27,3323.86,takeprofit,0.05000000000000001,0.04880000000000001,10.0,2.0,2.000000000000005,1.0,,-0.9869669601006074,2.0000000000000053,200,200
BTC/USDT,long,2025-11-13T03:45:00+00:00,2025-11-13T17:45:00+00:00,102165.0,99610.875,99610.875,107273.25,stoploss,-0.025,-0.0262,10.0,2.0,-1.0,1.0,,-1.0,1.8683893701365462,25,56
ETH/USDT,short,2025-11-13T17:00:00+00:00,2025-11-14T04:30:00+00:00,3301.59,3136.5105,3384.12975,3136.5105,takeprofit,0.050000000000000086,0.048800000000000086,10.0,2.0,2.0000000000000058,1.0,,-0.17494601086143427,2.0000000000000053,46,46
ETH/USDT,short,2025-11-14T04:30:00+00:00,2025-11-14T04:45:00+00:00,3147.02,3225.6955,3225.6955,2989.669,stoploss,-0.024999999999999946,-0.026199999999999946,10.0,2.0,-1.0,1.0,,-1.0,0.0,0,1
ETH/USDT,short,2025-11-14T04:45:00+00:00,2025-11-14T05:00:00+00:00,3160.01,3239.01025,3239.01025,3002.0095,stoploss,-0.02499999999999987,-0.02619999999999987,10.0,2.0,-1.0,1.0,,-1.0,0.0,0,1
ETH/USDT,short,2025-11-14T05:00:00+00:00,2025-11-14T05:15:00+00:00,3160.3,3239.3075,3239.3075,3002.285,stoploss,-0.024999999999999908,-0.026199999999999907,10.0,2.0,-1.0,1.0,,-1.0,0.0,0,1
ETH/USDT,short,2025-11-14T05:15:00+00:00,2025-11-14T05:30:00+00:00,3172.65,3251.96625,3251.96625,3014.0175,stoploss,-0.024999999999999953,-0.026199999999999952,10.0,2.0,-1.0,1.0,,-1.0,0.0,0,1
ETH/USDT,short,2025-11-14T05:30:00+00:00,2025-11-14T09:30:00+00:00,3181.53,3261.06825,3261.06825,3022.4535,stoploss,-0.024999999999999876,-0.026199999999999876,10.0,2.0,-1.0,1.0,,-1.0,0.5220129937482932,5,16
ETH/USDT,short,2025-11-14T09:45:00+00:00,2025-11-14T10:00:00+00:00,3156.75,3235.66875,3235.66875,2998.9125,stoploss,-0.024999999999999942,-0.026199999999999942,10.0,2.0,-1.0,1.0,,-1.0,0.0,0,1
ETH/USDT,short,2025-11-14T10:00:00+00:00,2025-11-14T10:45:00+00:00,3168.19,3247.39475,3247.39475,3009.7805,stoploss,-0.02499999999999996,-0.02619999999999996,10.0,2.0,-1.0,1.0,,-1.0,0.004797692057611567,1,3
ETH/USDT,short,2025-11-14T10:45:00+00:00,2025-11-14T11:00:00+00:00,3175.03,3254.40575,3254.40575,3016.2785,stoploss,-0.024999999999999904,-0.026199999999999904,10.0,2.0,-1.0,1.0,,-1.0,0.0,0,1
ETH/USDT,short,2025-11-14T11:30:00+00:00,2025-11-14T14:30:00+00:00,3137.06,3215.4865,3215.4865,2980.207,stoploss,-0.025000000000000012,-0.02620000000000001,10.0,2.0,-1.0,1.0,,-1.0,0.7933542871350854,4,12
BTC/USDT,short,2025-11-14T12:00:00+00:00,2025-11-14T16:15:00+00:00,95540.3,97928.8075,97928.8075,90763.285,stoploss,-0.02499999999999992,-0.02619999999999992,10.0,2.0,-1.0,1.0,,-1.0,0.40694869076191015,6,17
ETH/USDT,short,2025-11-14T18:45:00+00:00,2025-11-14T19:00:00+00:00,3166.07,3245.22175,3245.22175,3007.7665,stoploss,-0.024999999999999998,-0.026199999999999998,10.0,2.0,-1.0,1.0,,-1.0,0.0,0,1
ETH/USDT,short,2025-11-14T19:00:00+00:00,2025-11-14T20:30:00+00:00,3189.7,3269.4425,3269.4425,3030.215,stoploss,-0.02500000000000009,-0.02620000000000009,10.0,2.0,-1.0,1.0,,-1.0,0.26033796281781596,5,6
ETH/USDT,short,2025-11-14T20:30:00+00:00,2025-11-14T21:00:00+00:00,3129.32,3207.553,3207.553,2972.854,stoploss,-0.024999999999999908,-0.026199999999999907,10.0,2.0,-1.0,1.0,,-1.0,0.04486597727302073,1,2
ETH/USDT,short,2025-11-14T21:00:00+00:00,2025-11-15T01:45:00+00:00,3160.01,3239.01025,3239.01025,3002.0095,stoploss,-0.02499999999999987,-0.02619999999999987,10.0,2.0,-1.0,1.0,,-1.0,0.8465795994316531,8,19
ETH/USDT,short,2025-11-15T05:15:00+00:00,2025-11-16T00:30:00+00:00,3170.1,3249.3525,3249.3525,3011.595,stoploss,-0.02500000000000002,-0.02620000000000002,10.0,2.0,-1.0,1.0,,-1.0,0.43721018264408146,14,77
BTC/USDT,short,2025-11-14T18:15:00+00:00,2025-11-16T06:30:00+00:00,95996.7,98396.6175,98396.6175,91196.865,stoploss,-0.02499999999999996,-0.02619999999999996,10.0,2.0,-1.0,1.0,,-1.0,0.8015275525096153,19,145
BTC/USDT,short,2025-11-16T07:00:00+00:00,2025-11-16T10:00:00+00:00,95830.0,98225.75,98225.75,91038.5,stoploss,-0.025,-0.0262,10.0,2.0,-1.0,1.0,,-1.0,0.13356986329959303,5,12
ETH/USDT,short,2025-11-16T11:30:00+00:00,2025-11-17T19:30:00+00:00,3162.9,3004.755,3241.9725,3004.755,takeprofit,0.049999999999999996,0.048799999999999996,10.0,2.0,2.0000000000000058,1.0,,-0.8485883208447957,2.0000000000000058,128,128
ETH/USDT,short,2025-11-17T19:30:00+00:00,2025-11-18T08:30:00+00:00,2988.02,3062.7205,3062.7205,2838.619,stoploss,-0.024999999999999974,-0.026199999999999973,10.0,2.0,-1.0,1.0,,-1.0,0.465726467694326,30,52
ETH/USDT,short,2025-11-19T04:00:00+00:00,2025-11-19T17:30:00+00:00,3068.12,2914.714,3144.823,2914.714,takeprofit,0.04999999999999998,0.04879999999999998,10.0,2.0,2.0,1.0,,-0.5304877253823197,2.0,54,54
ETH/USDT,short,2025-11-19T17:30:00+00:00,2025-11-19T23:00:00+00:00,2927.61,3000.80025,3000.80025,2781.2295,stoploss,-0.02499999999999988,-0.02619999999999988,10.0,2.0,-1.0,1.0,,-1.0,0.7225006062966086,10,22
BTC/USDT,short,2025-11-17T19:00:00+00:00,2025-11-20T16:00:00+00:00,92272.9,94579.7225,94579.7225,87659.255,stoploss,-0.025000000000000102,-0.0262000000000001,10.0,2.0,-1.0,1.0,,-1.0,1.6355397955412603,256,276
ETH/USDT,short,2025-11-20T13:45:00+00:00,2025-11-20T17:00:00+00:00,3000.39,2850.3705,3075.39975,2850.3705,takeprofit,0.04999999999999996,0.04879999999999996,10.0,2.0,1.999999999999994,1.0,,-0.19157509523762328,1.999999999999994,13,13
ETH/USDT,short,2025-11-20T17:00:00+00:00,2025-11-20T21:45:00+00:00,2822.95,2893.52375,2893.52375,2681.8025,stoploss,-0.02500000000000001,-0.026200000000000008,10.0,2.0,-1.0,1.0,,-1.0,0.3614658424697534,8,19
ETH/USDT,short,2025-11-21T02:15:00+00:00,2025-11-21T07:30:00+00:00,2839.55,2697.5725,2910.53875,2697.5725,takeprofit,0.04999999999999998,0.04879999999999998,10.0,2.0,2.0,1.0,,-0.058178232466407076,2.0,21,21
BTC/USDT,short,2025-11-20T17:00:00+00:00,2025-11-21T09:30:00+00:00,87114.1,82758.395,89291.9525,82758.395,takeprofit,0.05000000000000002,0.04880000000000002,10.0,2.0,2.0000000000000067,1.0,,-0.6363608187423153,2.0000000000000067,66,66
BTC/USDT,short,2025-11-21T09:30:00+00:00,2025-11-21T12:45:00+00:00,82612.8,84678.12,84678.12,78482.16,stoploss,-0.024999999999999908,-0.026199999999999907,10.0,2.0,-1.0,1.0,,-1.0,1.0229891735905383,11,13
BTC/USDT,short,2025-11-21T16:00:00+00:00,2025-11-21T17:00:00+00:00,82906.6,84979.265,84979.265,78761.27,stoploss,-0.02499999999999992,-0.02619999999999992,10.0,2.0,-1.0,1.0,,-1.0,0.14449995537146665,1,4
BTC/USDT,short,2025-11-21T20:00:00+00:00,2025-11-21T21:30:00+00:00,84051.2,86152.48,86152.48,79848.64,stoploss,-0.024999999999999988,-0.026199999999999987,10.0,2.0,-1.0,1.0,,-1.0,0.30010279448716576,1,6
BTC/USDT,short,2025-11-22T02:45:00+00:00,2025-11-22T08:30:00+00:00,84468.3,86580.0075,86580.0075,80244.885,stoploss,-0.025000000000000046,-0.026200000000000046,10.0,2.0,-1.0,1.0,,-1.0,1.8791901814053298,14,23
ETH/USDT,short,2025-11-21T07:30:00+00:00,2025-11-23T01:30:00+00:00,2733.36,2801.694,2801.694,2596.692,stoploss,-0.02499999999999994,-0.02619999999999994,10.0,2.0,-1.0,1.0,,-1.0,1.5258875523165663,19,168
ETH/USDT,short,2025-11-26T12:00:00+00:00,2025-11-26T17:15:00+00:00,2894.34,2966.6985,2966.6985,2749.623,stoploss,-0.024999999999999935,-0.026199999999999935,10.0,2.0,-1.0,1.0,,-1.0,0.046435456788077915,1,21
BTC/USDT,long,2025-11-27T02:00:00+00:00,2025-11-27T03:00:00+00:00,90984.2,88709.595,88709.595,95533.41,stoploss,-0.024999999999999956,-0.026199999999999956,10.0,2.0,-1.0,1.0,,-1.0,0.3629201553676359,3,4
BTC/USDT,long,2025-11-27T03:00:00+00:00,2025-11-27T09:00:00+00:00,91295.3,95860.065,89012.9175,95860.065,takeprofit,0.04999999999999999,0.04879999999999999,10.0,2.0,1.9999999999999936,1.0,,-0.16868338238660646,1.9999999999999936,24,24
BTC/USDT,long,2025-11-27T09:30:00+00:00,2025-11-27T13:15:00+00:00,91762.8,89468.73,89468.73,96350.94,stoploss,-0.025000000000000074,-0.026200000000000074,10.0,2.0,-1.0,1.0,,-1.0,0.019441429424555977,1,15
BTC/USDT,long,2025-11-27T16:15:00+00:00,2025-11-27T17:45:00+00:00,91142.1,95699.205,88863.5475,95699.205,takeprofit,0.049999999999999954,0.048799999999999955,10.0,2.0,1.9999999999999936,1.0,,-0.01518507912370057,1.9999999999999936,6,6
ETH/USDT,long,2025-11-27T09:30:00+00:00,2025-11-27T17:45:00+00:00,3034.46,3186.183,2958.5985,3186.183,takeprofit,0.04999999999999998,0.04879999999999998,10.0,2.0,2.0,1.0,,-0.7178872023358364,2.0,33,33
BTC/USDT,long,2025-11-28T03:15:00+00:00,2025-11-28T11:00:00+00:00,91161.4,88882.365,88882.365,95719.47,stoploss,-0.02499999999999988,-0.02619999999999988,10.0,2.0,-1.0,1.0,,-1.0,0.27603788445548616,30,31
BTC/USDT,long,2025-11-28T13:30:00+00:00,2025-11-28T14:45:00+00:00,91796.6,89501.685,89501.685,96386.43,stoploss,-0.025000000000000088,-0.026200000000000088,10.0,2.0,-1.0,1.0,,-1.0,0.4771418549270871,4,5
ETH/USDT,long,2025-11-27T18:45:00+00:00,2025-11-30T14:00:00+00:00,3035.99,2960.09025,2960.09025,3187.7895,stoploss,-0.024999999999999866,-0.026199999999999866,10.0,2.0,-1.0,1.0,,-1.0,1.9357112506958307,173,269
BTC/USDT,long,2025-11-28T14:45:00+00:00,2025-12-01T00:00:00+00:00,92137.4,89833.965,89833.965,96744.27,stoploss,-0.024999999999999977,-0.026199999999999977,10.0,2.0,-1.0,1.0,,-1.0,0.24802089053956525,3,229
ETH/USDT,short,2025-12-01T12:30:00+00:00,2025-12-01T22:00:00+00:00,2814.77,2674.0315,2885.13925,2674.0315,takeprofit,0.049999999999999975,0.048799999999999975,10.0,2.0,1.9999999999999936,1.0,,-0.2924572878068172,1.9999999999999936,38,38
BTC/USDT,short,2025-12-01T12:00:00+00:00,2025-12-02T01:15:00+00:00,85842.9,87988.9725,87988.9725,81550.755,stoploss,-0.02500000000000011,-0.02620000000000011,10.0,2.0,-1.0,1.0,,-1.0,0.918328714430654,15,53
ETH/USDT,short,2025-12-02T00:45:00+00:00,2025-12-02T14:00:00+00:00,2786.64,2856.306,2856.306,2647.308,stoploss,-0.02500000000000006,-0.02620000000000006,10.0,2.0,-1.0,1.0,,-1.0,0.0231102689977847,31,53
ETH/USDT,long,2025-12-03T11:45:00+00:00,2025-12-04T00:45:00+00:00,3072.08,2995.278,2995.278,3225.684,stoploss,-0.025000000000000043,-0.026200000000000043,10.0,2.0,-1.0,1.0,,-1.0,1.7858909924220674,45,52
ETH/USDT,long,2025-12-04T09:30:00+00:00,2025-12-04T19:00:00+00:00,3203.24,3123.159,3123.159,3363.402,stoploss,-0.0249999999999999,-0.0261999999999999,10.0,2.0,-1.0,1.0,,-1.0,0.18805958966546948,24,38
ETH/USDT,long,2025-12-05T02:30:00+00:00,2025-12-05T13:30:00+00:00,3185.99,3106.34025,3106.34025,3345.2895,stoploss,-0.024999999999999873,-0.026199999999999873,10.0,2.0,-1.0,1.0,,-1.0,0.025235484103845005,2,44
BTC/USDT,long,2025-12-03T01:45:00+00:00,2025-12-05T15:30:00+00:00,92168.8,89864.58,89864.58,96777.24,stoploss,-0.025000000000000012,-0.02620000000000001,10.0,2.0,-1.0,1.0,,-1.0,0.7899419326279592,101,247
ETH/USDT,short,2025-12-07T13:30:00+00:00,2025-12-07T17:30:00+00:00,3032.88,3108.702,3108.702,2881.236,stoploss,-0.025000000000000036,-0.026200000000000036,10.0,2.0,-1.0,1.0,,-1.0,1.3315396586742618,4,16
ETH/USDT,long,2025-12-07T19:00:00+00:00,2025-12-07T22:00:00+00:00,3128.04,3049.839,3049.839,3284.442,stoploss,-0.02500000000000001,-0.026200000000000008,10.0,2.0,-1.0,1.0,,-1.0,0.20894873467091393,5,12
BTC/USDT,short,2025-12-06T07:45:00+00:00,2025-12-08T07:15:00+00:00,89545.2,91783.83,91783.83,85067.94,stoploss,-0.025000000000000053,-0.026200000000000053,10.0,2.0,-1.0,1.0,,-1.0,0.8116124594059717,123,190
BTC/USDT,long,2025-12-08T07:15:00+00:00,2025-12-08T15:00:00+00:00,91658.4,89366.94,89366.94,96241.32,stoploss,-0.02499999999999991,-0.02619999999999991,10.0,2.0,-1.0,1.0,,-1.0,0.36727675804945703,11,31
ETH/USDT,long,2025-12-08T01:15:00+00:00,2025-12-09T16:00:00+00:00,3102.44,3257.562,3024.879,3257.562,takeprofit,0.04999999999999995,0.04879999999999995,10.0,2.0,1.9999999999999942,1.0,,-0.26998104717577154,1.9999999999999942,155,155
BTC/USDT,long,2025-12-09T13:00:00+00:00,2025-12-09T21:15:00+00:00,90456.1,94978.905,88194.6975,94978.905,takeprofit,0.04999999999999992,0.04879999999999992,10.0,2.0,1.9999999999999873,1.0,,-0.5497031156549972,1.9999999999999871,33,33
BTC/USDT,long,2025-12-10T03:00:00+00:00,2025-12-11T02:15:00+00:00,92422.4,90111.84,90111.84,97043.52,stoploss,-0.024999999999999977,-0.026199999999999977,10.0,2.0,-1.0,1.0,,-1.0,1.3319714701198018,40,93
ETH/USDT,long,2025-12-09T16:00:00+00:00,2025-12-11T03:00:00+00:00,3286.56,3204.396,3204.396,3450.888,stoploss,-0.02499999999999993,-0.026199999999999928,10.0,2.0,-1.0,1.0,,-1.0,1.98907063920939,127,140
ETH/USDT,long,2025-12-13T20:00:00+00:00,2025-12-13T22:15:00+00:00,3104.66,3259.893,3027.0435,3259.893,takeprofit,0.05000000000000006,0.04880000000000006,10.0,2.0,2.0000000000000115,1.0,,-0.27468386232308606,2.0000000000000115,9,9
BTC/USDT,long,2025-12-11T20:00:00+00:00,2025-12-14T11:30:00+00:00,91323.1,89040.0225,89040.0225,95889.255,stoploss,-0.02499999999999999,-0.02619999999999999,10.0,2.0,-1.0,1.0,,-1.0,0.9972942223818485,6,254
ETH/USDT,long,2025-12-14T06:15:00+00:00,2025-12-14T23:30:00+00:00,3129.0,3050.775,3050.775,3285.45,stoploss,-0.02499999999999997,-0.02619999999999997,10.0,2.0,-1.0,1.0,,-1.0,0.058804729945668446,3,69
BTC/USDT,short,2025-12-14T16:30:00+00:00,2025-12-15T02:15:00+00:00,88770.7,90989.9675,90989.9675,84332.165,stoploss,-0.025000000000000022,-0.026200000000000022,10.0,2.0,-1.0,1.0,,-1.0,1.2484750035766283,4,39
BTC/USDT,short,2025-12-15T15:00:00+00:00,2025-12-15T15:15:00+00:00,87434.0,83062.3,89619.85,83062.3,takeprofit,0.04999999999999997,0.04879999999999997,10.0,2.0,1.9999999999999933,1.0,,0.0,1.9999999999999933,1,1
BTC/USDT,short,2025-12-15T15:15:00+00:00,2025-12-15T15:30:00+00:00,86822.3,82481.185,88992.8575,82481.185,takeprofit,0.05000000000000006,0.04880000000000006,10.0,2.0,2.0000000000000067,1.0,,0.0,2.0000000000000067,1,1
BTC/USDT,short,2025-12-15T15:30:00+00:00,2025-12-15T18:00:00+00:00,87055.2,82702.44,89231.58,82702.44,takeprofit,0.04999999999999994,0.04879999999999994,10.0,2.0,1.9999999999999933,1.0,,-0.44716455765996516,1.9999999999999933,10,10
BTC/USDT,short,2025-12-15T18:00:00+00:00,2025-12-15T18:15:00+00:00,85826.5,81535.175,87972.1625,81535.175,takeprofit,0.04999999999999997,0.04879999999999997,10.0,2.0,1.9999999999999933,1.0,,0.0,1.9999999999999931,1,1
BTC/USDT,short,2025-12-15T18:15:00+00:00,2025-12-15T22:30:00+00:00,85597.8,87737.745,87737.745,81317.91,stoploss,-0.02499999999999991,-0.02619999999999991,10.0,2.0,-1.0,1.0,,-1.0,0.2172018439726276,1,17
ETH/USDT,short,2025-12-15T15:00:00+00:00,2025-12-16T04:45:00+00:00,3033.91,2882.2145,3109.75775,2882.2145,takeprofit,0.04999999999999994,0.04879999999999994,10.0,2.0,1.999999999999988,1.0,,0.0,1.999999999999988,55,55
BTC/USDT,short,2025-12-16T03:15:00+00:00,2025-12-16T07:00:00+00:00,85610.8,87751.07,87751.07,81330.26,stoploss,-0.025000000000000046,-0.026200000000000046,10.0,2.0,-1.0,1.0,,-1.0,0.18890140029061853,6,15
BTC/USDT,short,2025-12-17T05:15:00+00:00,2025-12-17T14:45:00+00:00,86368.2,88527.405,88527.405,82049.79,stoploss,-0.025000000000000022,-0.026200000000000022,10.0,2.0,-1.0,1.0,,-1.0,0.12161883656252698,17,38
ETH/USDT,short,2025-12-16T13:45:00+00:00,2025-12-17T14:45:00+00:00,2914.74,2987.6085,2987.6085,2769.003,stoploss,-0.025000000000000015,-0.026200000000000015,10.0,2.0,-1.0,1.0,,-1.0,0.335673164673344,1,100
BTC/USDT,short,2025-12-17T17:45:00+00:00,2025-12-18T13:30:00+00:00,86380.7,88540.2175,88540.2175,82061.665,stoploss,-0.025000000000000022,-0.026200000000000022,10.0,2.0,-1.0,1.0,,-1.0,0.5123829744375765,5,79
ETH/USDT,short,2025-12-17T16:00:00+00:00,2025-12-18T13:45:00+00:00,2888.74,2960.9585,2960.9585,2744.303,stoploss,-0.02500000000000014,-0.02620000000000014,10.0,2.0,-1.0,1.0,,-1.0,1.3338687455430311,12,87
BTC/USDT,short,2025-12-18T17:30:00+00:00,2025-12-18T19:00:00+00:00,88400.1,83980.095,90610.1025,83980.095,takeprofit,0.05000000000000005,0.04880000000000005,10.0,2.0,2.0000000000000133,1.0,,-0.04126692164375271,2.0000000000000133,6,6
BTC/USDT,short,2025-12-18T19:15:00+00:00,2025-12-18T19:30:00+00:00,87000.0,82650.0,89175.0,82650.0,takeprofit,0.05,0.0488,10.0,2.0,2.0,1.0,,0.0,2.0,1,1
ETH/USDT,short,2025-12-18T19:45:00+00:00,2025-12-18T20:00:00+00:00,2819.03,2889.50575,2889.50575,2678.0785,stoploss,-0.02499999999999986,-0.02619999999999986,10.0,2.0,-1.0,1.0,,-1.0,0.0,0,1
BTC/USDT,short,2025-12-18T19:45:00+00:00,2025-12-18T22:00:00+00:00,84898.5,87020.9625,87020.9625,80653.575,stoploss,-0.024999999999999932,-0.02619999999999993,10.0,2.0,-1.0,1.0,,-1.0,0.6117893720148194,1,9
BTC/USDT,short,2025-12-19T00:45:00+00:00,2025-12-19T03:30:00+00:00,85210.1,87340.3525,87340.3525,80949.595,stoploss,-0.024999999999999856,-0.026199999999999855,10.0,2.0,-1.0,1.0,,-1.0,0.098626805977229,3,11
ETH/USDT,short,2025-12-18T20:00:00+00:00,2025-12-19T07:00:00+00:00,2900.0,2972.5,2972.5,2755.0,stoploss,-0.025,-0.0262,10.0,2.0,-1.0,1.0,,-1.0,1.6551724137931034,2,44
ETH/USDT,short,2025-12-21T01:30:00+00:00,2025-12-22T00:00:00+00:00,2964.34,3038.4485,3038.4485,2816.123,stoploss,-0.02499999999999994,-0.02619999999999994,10.0,2.0,-1.0,1.0,,-1.0,0.28363817915623757,49,90
BTC/USDT,short,2025-12-23T14:30:00+00:00,2025-12-24T21:00:00+00:00,87405.8,89590.945,89590.945,83035.51,stoploss,-0.025000000000000046,-0.026200000000000046,10.0,2.0,-1.0,1.0,,-1.0,0.5518169274807854,96,122
BTC/USDT,short,2025-12-26T00:15:00+00:00,2025-12-26T02:15:00+00:00,87030.9,89206.6725,89206.6725,82679.355,stoploss,-0.025000000000000074,-0.026200000000000074,10.0,2.0,-1.0,1.0,,-1.0,0.07454823516704831,1,8
BTC/USDT,short,2025-12-27T00:15:00+00:00,2025-12-29T03:00:00+00:00,87273.9,89455.7475,89455.7475,82910.205,stoploss,-0.025000000000000043,-0.026200000000000043,10.0,2.0,-1.0,1.0,,-1.0,0.32092068762825815,80,203
ETH/USDT,short,2025-12-23T13:30:00+00:00,2025-12-29T03:30:00+00:00,2947.99,3021.68975,3021.68975,2800.5905,stoploss,-0.025000000000000078,-0.026200000000000077,10.0,2.0,-1.0,1.0,,-1.0,1.3295838859697555,194,536
BTC/USDT,long,2025-12-29T04:00:00+00:00,2025-12-29T05:45:00+00:00,89999.9,87749.9025,87749.9025,94499.895,stoploss,-0.024999999999999977,-0.026199999999999977,10.0,2.0,-1.0,1.0,,-1.0,0.14666682962981084,4,7
ETH/USDT,long,2025-12-29T03:30:00+00:00,2025-12-29T09:45:00+00:00,3036.34,2960.4315,2960.4315,3188.157,stoploss,-0.025,-0.0262,10.0,2.0,-1.0,1.0,,-1.0,0.21947476237838784,3,25
ETH/USDT,short,2025-12-29T12:15:00+00:00,2025-12-30T08:00:00+00:00,2926.65,2999.81625,2999.81625,2780.3175,stoploss,-0.024999999999999918,-0.026199999999999918,10.0,2.0,-1.0,1.0,,-1.0,0.16606017118548688,26,79
BTC/USDT,short,2025-12-30T03:00:00+00:00,2025-12-30T15:45:00+00:00,86910.1,89082.8525,89082.8525,82564.595,stoploss,-0.02499999999999986,-0.02619999999999986,10.0,2.0,-1.0,1.0,,-1.0,0.11234597589923712,1,51
ETH/USDT,long,2025-12-31T09:45:00+00:00,2025-12-31T14:00:00+00:00,2975.93,2901.53175,2901.53175,3124.7265,stoploss,-0.02499999999999991,-0.02619999999999991,10.0,2.0,-1.0,1.0,,-1.0,0.33145940932750967,9,17
ETH/USDT,short,2025-12-31T23:30:00+00:00,2026-01-02T09:45:00+00:00,2972.21,3046.51525,3046.51525,2823.5995,stoploss,-0.024999999999999963,-0.026199999999999963,10.0,2.0,-1.0,1.0,,-1.0,0.04131605774827712,1,137
ETH/USDT,long,2026-01-02T09:45:00+00:00,2026-01-05T01:00:00+00:00,3046.9,3199.245,2970.7275,3199.245,takeprofit,0.04999999999999993,0.048799999999999934,10.0,2.0,1.9999999999999942,1.0,,-0.33476648396731046,1.999999999999994,253,253
BTC/USDT,long,2025-12-31T01:15:00+00:00,2026-01-05T01:15:00+00:00,88550.0,92977.5,86336.25,92977.5,takeprofit,0.05,0.0488,10.0,2.0,2.0,1.0,,-0.7001693958215698,2.0,480,480
BTC/USDT,long,2026-01-05T01:15:00+00:00,2026-01-05T06:00:00+00:00,92905.4,90582.765,90582.765,97550.67,stoploss,-0.024999999999999946,-0.026199999999999946,10.0,2.0,-1.0,1.0,,-1.0,0.15904350016253505,1,19
BTC/USDT,long,2026-01-05T10:00:00+00:00,2026-01-07T14:30:00+00:00,92907.6,90584.91,90584.91,97552.98,stoploss,-0.025000000000000022,-0.026200000000000022,10.0,2.0,-1.0,1.0,,-1.0,0.8362717366501738,41,210
ETH/USDT,long,2026-01-05T01:00:00+00:00,2026-01-07T17:00:00+00:00,3188.87,3109.14825,3109.14825,3348.3135,stoploss,-0.024999999999999908,-0.026199999999999907,10.0,2.0,-1.0,1.0,,-1.0,1.4485381969161546,150,256
ETH/USDT,short,2026-01-09T08:45:00+00:00,2026-01-11T18:15:00+00:00,3081.46,3158.4965,3158.4965,2927.387,stoploss,-0.02500000000000005,-0.02620000000000005,10.0,2.0,-1.0,1.0,,-1.0,1.5345972363749651,83,230
ETH/USDT,long,2026-01-11T18:15:00+00:00,2026-01-11T18:30:00+00:00,3130.86,3287.403,3052.5885,3287.403,takeprofit,0.04999999999999989,0.04879999999999989,10.0,2.0,1.9999999999999885,1.0,,0.0,1.9999999999999885,1,1
ETH/USDT,long,2026-01-11T19:00:00+00:00,2026-01-11T20:15:00+00:00,3133.2,3054.87,3054.87,3289.86,stoploss,-0.024999999999999977,-0.026199999999999977,10.0,2.0,-1.0,1.0,,-1.0,1.0953657602451201,1,5
BTC/USDT,long,2026-01-08T17:15:00+00:00,2026-01-13T22:00:00+00:00,90816.5,95357.325,88546.0875,95357.325,takeprofit,0.04999999999999997,0.04879999999999997,10.0,2.0,1.9999999999999936,1.0,,-0.4978390490714793,1.9999999999999936,499,499
ETH/USDT,long,2026-01-12T01:15:00+00:00,2026-01-13T22:00:00+00:00,3122.0,3278.1,3043.95,3278.1,takeprofit,0.04999999999999997,0.04879999999999997,10.0,2.0,1.9999999999999942,1.0,,-0.7943625880845593,1.9999999999999942,179,179
BTC/USDT,long,2026-01-13T22:00:00+00:00,2026-01-14T11:00:00+00:00,95575.9,93186.5025,93186.5025,100354.695,stoploss,-0.024999999999999915,-0.026199999999999914,10.0,2.0,-1.0,1.0,,-1.0,0.19339603393742874,4,52
ETH/USDT,long,2026-01-13T22:00:00+00:00,2026-01-14T18:30:00+00:00,3323.11,3240.03225,3240.03225,3489.2655,stoploss,-0.024999999999999977,-0.026199999999999977,10.0,2.0,-1.0,1.0,,-1.0,0.8835097243245051,74,82
ETH/USDT,long,2026-01-14T19:30:00+00:00,2026-01-15T03:30:00+00:00,3369.18,3284.9505,3284.9505,3537.639,stoploss,-0.024999999999999977,-0.026199999999999977,10.0,2.0,-1.0,1.0,,-1.0,0.23590309808321747,2,32
ETH/USDT,long,2026-01-15T10:00:00+00:00,2026-01-15T18:30:00+00:00,3362.35,3278.29125,3278.29125,3530.4675,stoploss,-0.024999999999999908,-0.026199999999999907,10.0,2.0,-1.0,1.0,,-1.0,0.24125983315241156,15,34
ETH/USDT,long,2026-01-16T05:45:00+00:00,2026-01-18T11:30:00+00:00,3307.17,3224.49075,3224.49075,3472.5285,stoploss,-0.02500000000000004,-0.02620000000000004,10.0,2.0,-1.0,1.0,,-1.0,0.25084891311906854,136,215
BTC/USDT,long,2026-01-14T14:45:00+00:00,2026-01-18T23:45:00+00:00,96429.4,94018.665,94018.665,101250.87,stoploss,-0.02500000000000001,-0.026200000000000008,10.0,2.0,-1.0,1.0,,-1.0,0.6050436899949623,10,420
ETH/USDT,long,2026-01-18T12:15:00+00:00,2026-01-19T00:00:00+00:00,3323.18,3240.1005,3240.1005,3489.339,stoploss,-0.02499999999999995,-0.02619999999999995,10.0,2.0,-1.0,1.0,,-1.0,0.523955969884271,26,47
ETH/USDT,short,2026-01-19T23:00:00+00:00,2026-01-20T15:00:00+00:00,3175.04,3016.288,3254.416,3016.288,takeprofit,0.04999999999999999,0.04879999999999999,10.0,2.0,1.9999999999999944,1.0,,-0.3010985688369284,1.9999999999999942,64,64
BTC/USDT,short,2026-01-20T06:30:00+00:00,2026-01-24T11:00:00+00:00,91090.5,86535.975,93367.7625,86535.975,takeprofit,0.04999999999999993,0.048799999999999934,10.0,2.0,2.0,1.0,,-0.31375390408439996,2.0,402,402
ETH/USDT,short,2026-01-20T15:00:00+00:00,2026-01-24T11:00:00+00:00,3016.63,2865.7985,3092.04575,2865.7985,takeprofit,0.05000000000000007,0.04880000000000007,10.0,2.0,2.0,1.0,,-0.6427039444678296,2.0,368,368
ETH/USDT,short,2026-01-24T14:00:00+00:00,2026-01-25T19:30:00+00:00,2954.77,2807.0315,3028.63925,2807.0315,takeprofit,0.049999999999999975,0.048799999999999975,10.0,2.0,1.999999999999994,1.0,,-0.16948865732358118,1.9999999999999938,118,118
ETH/USDT,short,2026-01-25T19:30:00+00:00,2026-01-26T01:45:00+00:00,2822.77,2893.33925,2893.33925,2681.6315,stoploss,-0.025000000000000005,-0.026200000000000005,10.0,2.0,-1.0,1.0,,-1.0,0.6060713412711624,10,25
ETH/USDT,short,2026-01-26T03:45:00+00:00,2026-01-26T08:15:00+00:00,2849.47,2920.70675,2920.70675,2706.9965,stoploss,-0.025000000000000012,-0.02620000000000001,10.0,2.0,-1.0,1.0,,-1.0,0.011791666520436297,1,18
BTC/USDT,short,2026-01-24T23:45:00+00:00,2026-01-27T03:30:00+00:00,89180.8,84721.76,91410.32,84721.76,takeprofit,0.05000000000000009,0.04880000000000009,10.0,2.0,2.0,1.0,,-0.13177724353224118,2.0,207,207
BTC/USDT,short,2026-01-27T15:15:00+00:00,2026-01-28T11:45:00+00:00,87607.9,89798.0975,89798.0975,83227.505,stoploss,-0.02500000000000011,-0.02620000000000011,10.0,2.0,-1.0,1.0,,-1.0,1.647294365005886,30,82
ETH/USDT,short,2026-01-29T11:15:00+00:00,2026-01-29T15:15:00+00:00,2923.51,2996.59775,2996.59775,2777.3345,stoploss,-0.02499999999999989,-0.02619999999999989,10.0,2.0,-1.0,1.0,,-1.0,1.4485327568573503,15,16
BTC/USDT,short,2026-01-29T01:00:00+00:00,2026-01-29T15:30:00+00:00,89066.0,84612.7,91292.65,84612.7,takeprofit,0.05000000000000003,0.04880000000000003,10.0,2.0,2.000000000000006,1.0,,-0.8685693755192802,2.0000000000000067,58,58
ETH/USDT,short,2026-01-29T15:15:00+00:00,2026-01-29T21:15:00+00:00,2834.83,2905.70075,2905.70075,2693.0885,stoploss,-0.025000000000000015,-0.026200000000000015,10.0,2.0,-1.0,1.0,,-1.0,1.0735035257846133,15,24
BTC/USDT,short,2026-01-29T15:30:00+00:00,2026-01-30T05:00:00+00:00,84598.2,80368.29,86713.155,80368.29,takeprofit,0.050000000000000044,0.048800000000000045,10.0,2.0,2.0,1.0,,-0.4610972810296183,2.0,54,54
ETH/USDT,short,2026-01-30T01:30:00+00:00,2026-01-30T09:30:00+00:00,2722.06,2790.1115,2790.1115,2585.957,stoploss,-0.025000000000000012,-0.02620000000000001,10.0,2.0,-1.0,1.0,,-1.0,0.37692042056383884,21,32
BTC/USDT,short,2026-01-30T10:00:00+00:00,2026-01-30T19:15:00+00:00,82281.2,84338.23,84338.23,78167.14,stoploss,-0.024999999999999988,-0.026199999999999987,10.0,2.0,-1.0,1.0,,-1.0,0.19435788491174322,33,37
ETH/USDT,short,2026-01-30T15:30:00+00:00,2026-01-31T07:45:00+00:00,2736.62,2805.0355,2805.0355,2599.789,stoploss,-0.025000000000000026,-0.026200000000000025,10.0,2.0,-1.0,1.0,,-1.0,1.4372474073857509,11,65
ETH/USDT,short,2026-01-31T08:15:00+00:00,2026-01-31T10:00:00+00:00,2662.76,2729.329,2729.329,2529.622,stoploss,-0.024999999999999984,-0.026199999999999984,10.0,2.0,-1.0,1.0,,-1.0,0.7267647103005924,1,7
BTC/USDT,short,2026-01-31T08:15:00+00:00,2026-01-31T11:45:00+00:00,83058.3,85134.7575,85134.7575,78905.385,stoploss,-0.025000000000000046,-0.026200000000000046,10.0,2.0,-1.0,1.0,,-1.0,0.19658480850197815,1,14
ETH/USDT,short,2026-01-31T14:00:00+00:00,2026-01-31T15:00:00+00:00,2609.14,2674.3685,2674.3685,2478.683,stoploss,-0.025000000000000064,-0.026200000000000064,10.0,2.0,-1.0,1.0,,-1.0,1.424224073832755,3,4
ETH/USDT,short,2026-01-31T15:00:00+00:00,2026-01-31T15:45:00+00:00,2544.49,2417.2655,2608.10225,2417.2655,takeprofit,0.049999999999999926,0.04879999999999993,10.0,2.0,1.999999999999993,1.0,,-0.04653191798749502,1.999999999999993,3,3
ETH/USDT,short,2026-01-31T15:45:00+00:00,2026-01-31T17:00:00+00:00,2532.95,2406.3025,2596.27375,2406.3025,takeprofit,0.05000000000000002,0.04880000000000002,10.0,2.0,2.0,1.0,,-0.2539331609388322,2.0,5,5
BTC/USDT,short,2026-01-31T13:30:00+00:00,2026-01-31T18:15:00+00:00,82593.7,78464.015,84658.5425,78464.015,takeprofit,0.049999999999999975,0.048799999999999975,10.0,2.0,2.0,1.0,,-0.14199630238141517,2.0,19,19
ETH/USDT,short,2026-01-31T17:00:00+00:00,2026-01-31T18:30:00+00:00,2420.38,2299.361,2480.8895,2299.361,takeprofit,0.05000000000000009,0.04880000000000009,10.0,2.0,2.0,1.0,,-0.1505548715490899,2.0,6,6
ETH/USDT,short,2026-01-31T18:30:00+00:00,2026-01-31T19:00:00+00:00,2341.42,2399.9555,2399.9555,2224.349,stoploss,-0.02499999999999998,-0.02619999999999998,10.0,2.0,-1.0,1.0,,-1.0,0.49508417968583235,1,2
ETH/USDT,short,2026-01-31T19:00:00+00:00,2026-02-01T00:15:00+00:00,2411.89,2472.18725,2472.18725,2291.2955,stoploss,-0.025000000000000033,-0.026200000000000032,10.0,2.0,-1.0,1.0,,-1.0,0.940838927148418,6,21
ETH/USDT,short,2026-02-01T07:15:00+00:00,2026-02-01T21:45:00+00:00,2406.31,2285.9945,2466.46775,2285.9945,takeprofit,0.050000000000000065,0.048800000000000066,10.0,2.0,2.0000000000000075,1.0,,-0.518802648037869,2.0000000000000075,58,58
ETH/USDT,short,2026-02-01T21:45:00+00:00,2026-02-02T03:15:00+00:00,2287.81,2173.4195,2345.00525,2173.4195,takeprofit,0.04999999999999999,0.04879999999999999,10.0,2.0,1.999999999999992,1.0,,-0.679252210629375,1.999999999999992,22,22
ETH/USDT,short,2026-02-02T03:15:00+00:00,2026-02-02T03:45:00+00:00,2172.3,2226.6075,2226.6075,2063.685,stoploss,-0.02499999999999995,-0.02619999999999995,10.0,2.0,-1.0,1.0,,-1.0,0.0992496432352868,1,2
ETH/USDT,short,2026-02-02T03:45:00+00:00,2026-02-02T05:00:00+00:00,2238.55,2126.6225,2294.51375,2126.6225,takeprofit,0.0500000000000001,0.0488000000000001,10.0,2.0,2.000000000000008,1.0,,-0.44921936074691066,2.000000000000008,5,5
ETH/USDT,short,2026-02-02T05:00:00+00:00,2026-02-02T05:15:00+00:00,2217.27,2106.4065,2272.70175,2106.4065,takeprofit,0.04999999999999997,0.04879999999999997,10.0,2.0,1.9999999999999918,1.0,,0.0,1.9999999999999918,1,1
ETH/USDT,short,2026-02-02T05:15:00+00:00,2026-02-02T07:00:00+00:00,2190.96,2245.734,2245.734,2081.412,stoploss,-0.02499999999999995,-0.02619999999999995,10.0,2.0,-1.0,1.0,,-1.0,0.5334647825610749,5,7
BTC/USDT,short,2026-01-31T18:15:00+00:00,2026-02-02T12:30:00+00:00,78398.1,80358.0525,80358.0525,74478.195,stoploss,-0.02499999999999999,-0.02619999999999999,10.0,2.0,-1.0,1.0,,-1.0,1.9455063324238762,157,169
BTC/USDT,short,2026-02-03T05:15:00+00:00,2026-02-03T06:15:00+00:00,78395.8,80355.695,80355.695,74476.01,stoploss,-0.02500000000000005,-0.02620000000000005,10.0,2.0,-1.0,1.0,,-1.0,0.245727449684807,3,4
ETH/USDT,short,2026-02-03T02:30:00+00:00,2026-02-03T08:45:00+00:00,2314.8,2372.67,2372.67,2199.06,stoploss,-0.02499999999999995,-0.02619999999999995,10.0,2.0,-1.0,1.0,,-1.0,0.5006048038707501,2,25
ETH/USDT,short,2026-02-03T09:00:00+00:00,2026-02-03T09:15:00+00:00,2284.68,2341.797,2341.797,2170.446,stoploss,-0.025000000000000085,-0.026200000000000084,10.0,2.0,-1.0,1.0,,-1.0,0.0,0,1
BTC/USDT,short,2026-02-03T16:15:00+00:00,2026-02-03T17:45:00+00:00,76695.1,78612.4775,78612.4775,72860.345,stoploss,-0.02499999999999984,-0.026199999999999838,10.0,2.0,-1.0,1.0,,-1.0,0.7880034056934633,5,6
ETH/USDT,short,2026-02-03T09:15:00+00:00,2026-02-03T18:15:00+00:00,2272.48,2158.856,2329.292,2158.856,takeprofit,0.04999999999999991,0.04879999999999991,10.0,2.0,2.0,1.0,,-0.739632472012956,2.0,36,36
ETH/USDT,short,2026-02-03T18:15:00+00:00,2026-02-03T19:15:00+00:00,2134.83,2188.20075,2188.20075,2028.0885,stoploss,-0.025000000000000022,-0.026200000000000022,10.0,2.0,-1.0,1.0,,-1.0,0.4463118843186519,2,4
ETH/USDT,short,2026-02-03T19:15:00+00:00,2026-02-03T20:15:00+00:00,2186.02,2240.6705,2240.6705,2076.719,stoploss,-0.025000000000000088,-0.026200000000000088,10.0,2.0,-1.0,1.0,,-1.0,0.0023787522529548437,1,4
BTC/USDT,short,2026-02-03T17:45:00+00:00,2026-02-03T21:00:00+00:00,74890.6,76762.865,76762.865,71146.07,stoploss,-0.02499999999999999,-0.02619999999999999,10.0,2.0,-1.0,1.0,,-1.0,1.0328131968498115,5,13
ETH/USDT,short,2026-02-03T23:15:00+00:00,2026-02-04T03:30:00+00:00,2233.64,2289.481,2289.481,2121.958,stoploss,-0.025000000000000158,-0.026200000000000157,10.0,2.0,-1.0,1.0,,-1.0,0.28993033792374695,2,17
ETH/USDT,short,2026-02-04T08:30:00+00:00,2026-02-04T09:45:00+00:00,2276.89,2163.0455,2333.81225,2163.0455,takeprofit,0.04999999999999987,0.04879999999999987,10.0,2.0,1.999999999999992,1.0,,-0.10892050120998845,1.999999999999992,5,5
ETH/USDT,short,2026-02-04T09:45:00+00:00,2026-02-04T15:30:00+00:00,2259.77,2146.7815,2316.26425,2146.7815,takeprofit,0.04999999999999997,0.04879999999999997,10.0,2.0,1.999999999999992,1.0,,-0.055580877699940474,1.999999999999992,23,23
BTC/USDT,short,2026-02-04T13:15:00+00:00,2026-02-04T22:00:00+00:00,75840.0,72048.0,77736.0,72048.0,takeprofit,0.05,0.0488,10.0,2.0,2.0,1.0,,-0.013449367088607595,2.0,35,35
ETH/USDT,short,2026-02-04T15:30:00+00:00,2026-02-05T12:45:00+00:00,2154.99,2047.2405,2208.86475,2047.2405,takeprofit,0.04999999999999985,0.04879999999999985,10.0,2.0,1.999999999999979,1.0,,-0.6557803052450382,1.999999999999979,85,85
BTC/USDT,short,2026-02-04T22:00:00+00:00,2026-02-05T15:00:00+00:00,72256.2,68643.39,74062.605,68643.39,takeprofit,0.04999999999999997,0.04879999999999997,10.0,2.0,2.0,1.0,,-0.7578034826077262,2.0,68,68
ETH/USDT,short,2026-02-05T12:45:00+00:00,2026-02-05T15:15:00+00:00,2062.08,1958.976,2113.632,1958.976,takeprofit,0.04999999999999991,0.04879999999999991,10.0,2.0,1.9999999999999911,1.0,,-0.7130664183736833,1.9999999999999911,10,10
ETH/USDT,short,2026-02-05T15:15:00+00:00,2026-02-05T16:15:00+00:00,1932.69,1981.00725,1981.00725,1836.0555,stoploss,-0.02500000000000003,-0.02620000000000003,10.0,2.0,-1.0,1.0,,-1.0,0.04201398051420498,1,4
BTC/USDT,short,2026-02-05T15:00:00+00:00,2026-02-05T19:00:00+00:00,68002.4,64602.28,69702.46,64602.28,takeprofit,0.04999999999999993,0.048799999999999934,10.0,2.0,1.999999999999983,1.0,,-0.36534004682187765,1.999999999999983,16,16
ETH/USDT,short,2026-02-05T16:15:00+00:00,2026-02-05T19:00:00+00:00,1984.11,1884.9045,2033.71275,1884.9045,takeprofit,0.049999999999999906,0.048799999999999906,10.0,2.0,1.9999999999999956,1.0,,-0.6656888982969734,1.9999999999999953,11,11
BTC/USDT,short,2026-02-05T20:15:00+00:00,2026-02-05T20:30:00+00:00,63879.5,65476.4875,65476.4875,60685.525,stoploss,-0.025000000000000046,-0.026200000000000046,10.0,2.0,-1.0,1.0,,-1.0,0.0,0,1
ETH/USDT,short,2026-02-05T20:15:00+00:00,2026-02-05T20:30:00+00:00,1873.88,1920.727,1920.727,1780.186,stoploss,-0.024999999999999988,-0.026199999999999987,10.0,2.0,-1.0,1.0,,-1.0,0.0,0,1
BTC/USDT,short,2026-02-05T20:30:00+00:00,2026-02-05T20:45:00+00:00,63646.1,60463.795,65237.2525,60463.795,takeprofit,0.05,0.0488,10.0,2.0,1.9999999999999953,1.0,,0.0,1.9999999999999953,1,1
ETH/USDT,short,2026-02-05T20:30:00+00:00,2026-02-05T21:00:00+00:00,1865.88,1912.527,1912.527,1772.586,stoploss,-0.024999999999999963,-0.026199999999999963,10.0,2.0,-1.0,1.0,,-1.0,0.7822582374000484,1,2
BTC/USDT,short,2026-02-05T20:45:00+00:00,2026-02-06T00:00:00+00:00,63755.8,60568.01,65349.695,60568.01,takeprofit,0.05000000000000001,0.04880000000000001,10.0,2.0,2.0000000000000044,1.0,,-0.6809733388962236,2.0000000000000044,13,13
ETH/USDT,short,2026-02-05T21:00:00+00:00,2026-02-06T00:00:00+00:00,1875.93,1782.1335,1922.82825,1782.1335,takeprofit,0.05000000000000008,0.04880000000000008,10.0,2.0,2.000000000000005,1.0,,-0.6008752991849347,2.000000000000005,12,12
BTC/USDT,short,2026-02-06T00:00:00+00:00,2026-02-06T00:30:00+00:00,60222.6,61728.165,61728.165,57211.47,stoploss,-0.02500000000000004,-0.02620000000000004,10.0,2.0,-1.0,1.0,,-1.0,0.024442651097757704,1,2
ETH/USDT,short,2026-02-06T00:00:00+00:00,2026-02-06T00:30:00+00:00,1769.49,1813.72725,1813.72725,1681.0155,stoploss,-0.024999999999999946,-0.026199999999999946,10.0,2.0,-1.0,1.0,,-1.0,0.5418510418256126,1,2
BTC/USDT,short,2026-02-06T00:30:00+00:00,2026-02-06T01:00:00+00:00,62804.2,64374.305,64374.305,59663.99,stoploss,-0.025000000000000053,-0.026200000000000053,10.0,2.0,-1.0,1.0,,-1.0,0.20227946538607156,1,2
ETH/USDT,short,2026-02-06T00:30:00+00:00,2026-02-06T01:00:00+00:00,1855.75,1902.14375,1902.14375,1762.9625,stoploss,-0.024999999999999977,-0.026199999999999977,10.0,2.0,-1.0,1.0,,-1.0,0.11035969284655575,1,2
BTC/USDT,short,2026-02-06T07:00:00+00:00,2026-02-06T11:45:00+00:00,64932.1,66555.4025,66555.4025,61685.495,stoploss,-0.02499999999999997,-0.02619999999999997,10.0,2.0,-1.0,1.0,,-1.0,0.2816480600504205,6,19
ETH/USDT,short,2026-02-06T07:00:00+00:00,2026-02-06T13:15:00+00:00,1895.49,1942.87725,1942.87725,1800.7155,stoploss,-0.024999999999999998,-0.026199999999999998,10.0,2.0,-1.0,1.0,,-1.0,0.6170436140523033,7,25
BTC/USDT,short,2026-02-07T07:00:00+00:00,2026-02-07T08:45:00+00:00,68036.9,69737.8225,69737.8225,64635.055,stoploss,-0.025000000000000012,-0.02620000000000001,10.0,2.0,-1.0,1.0,,-1.0,0.3987248096253632,1,7
ETH/USDT,short,2026-02-07T09:00:00+00:00,2026-02-07T16:00:00+00:00,2026.89,2077.56225,2077.56225,1925.5455,stoploss,-0.024999999999999925,-0.026199999999999925,10.0,2.0,-1.0,1.0,,-1.0,0.5438874334571734,6,28
BTC/USDT,short,2026-02-07T08:45:00+00:00,2026-02-07T20:45:00+00:00,68504.6,70217.215,70217.215,65079.37,stoploss,-0.024999999999999863,-0.026199999999999862,10.0,2.0,-1.0,1.0,,-1.0,0.8785395433299451,14,48
ETH/USDT,short,2026-02-09T10:00:00+00:00,2026-02-09T11:15:00+00:00,2042.22,2093.2755,2093.2755,1940.109,stoploss,-0.02500000000000008,-0.02620000000000008,10.0,2.0,-1.0,1.0,,-1.0,0.5531235616143201,2,5
ETH/USDT,short,2026-02-09T11:15:00+00:00,2026-02-09T12:30:00+00:00,2027.43,1926.0585,2078.11575,1926.0585,takeprofit,0.04999999999999998,0.04879999999999998,10.0,2.0,2.0000000000000044,1.0,,-0.18999422914724368,2.0000000000000044,5,5
BTC/USDT,short,2026-02-10T03:30:00+00:00,2026-02-10T06:45:00+00:00,69331.0,71064.275,71064.275,65864.45,stoploss,-0.024999999999999915,-0.026199999999999914,10.0,2.0,-1.0,1.0,,-1.0,1.7775598217247754,6,13
ETH/USDT,short,2026-02-10T06:00:00+00:00,2026-02-10T06:45:00+00:00,2050.37,2101.62925,2101.62925,1947.8515,stoploss,-0.025000000000000033,-0.026200000000000032,10.0,2.0,-1.0,1.0,,-1.0,0.44616337539078044,2,3
ETH/USDT,short,2026-02-10T06:45:00+00:00,2026-02-10T12:15:00+00:00,2007.6,2057.79,2057.79,1907.22,stoploss,-0.02500000000000003,-0.02620000000000003,10.0,2.0,-1.0,1.0,,-1.0,0.27176728431958275,6,22
ETH/USDT,short,2026-02-10T18:15:00+00:00,2026-02-11T11:15:00+00:00,2005.87,1905.5765,2056.01675,1905.5765,takeprofit,0.05,0.0488,10.0,2.0,2.000000000000005,1.0,,-0.4851760084153053,2.0000000000000044,68,68
BTC/USDT,short,2026-02-10T11:30:00+00:00,2026-02-11T14:00:00+00:00,68588.5,70303.2125,70303.2125,65159.075,stoploss,-0.024999999999999915,-0.026199999999999914,10.0,2.0,-1.0,1.0,,-1.0,1.31083199078563,95,106
BTC/USDT,short,2026-02-11T15:00:00+00:00,2026-02-11T16:15:00+00:00,66057.0,67708.425,67708.425,62754.15,stoploss,-0.025000000000000043,-0.026200000000000043,10.0,2.0,-1.0,1.0,,-1.0,0.11923036165735279,1,5
ETH/USDT,short,2026-02-11T15:00:00+00:00,2026-02-11T21:15:00+00:00,1910.12,1957.873,1957.873,1814.614,stoploss,-0.025000000000000085,-0.026200000000000084,10.0,2.0,-1.0,1.0,,-1.0,0.037275145017066295,1,25
ETH/USDT,short,2026-02-11T23:15:00+00:00,2026-02-12T09:45:00+00:00,1936.62,1985.0355,1985.0355,1839.789,stoploss,-0.025000000000000036,-0.026200000000000036,10.0,2.0,-1.0,1.0,,-1.0,0.08220507895198409,1,42
BTC/USDT,short,2026-02-11T16:15:00+00:00,2026-02-12T13:45:00+00:00,66579.1,68243.5775,68243.5775,63250.145,stoploss,-0.0249999999999999,-0.0261999999999999,10.0,2.0,-1.0,1.0,,-1.0,0.8285482981896788,24,86
BTC/USDT,short,2026-02-12T15:15:00+00:00,2026-02-12T22:15:00+00:00,67751.6,64364.02,69445.39,64364.02,takeprofit,0.05000000000000013,0.04880000000000013,10.0,2.0,2.000000000000013,1.0,,-0.11542162841910789,2.000000000000013,28,28
ETH/USDT,short,2026-02-12T15:45:00+00:00,2026-02-12T22:15:00+00:00,1946.87,1849.5265,1995.54175,1849.5265,takeprofit,0.049999999999999975,0.048799999999999975,10.0,2.0,1.9999999999999907,1.0,,-0.03759881245281189,1.9999999999999907,26,26
ETH/USDT,short,2026-02-15T12:45:00+00:00,2026-02-15T18:00:00+00:00,2015.84,2066.236,2066.236,1915.048,stoploss,-0.02499999999999998,-0.02619999999999998,10.0,2.0,-1.0,1.0,,-1.0,1.1363997142630373,20,21
ETH/USDT,short,2026-02-15T18:00:00+00:00,2026-02-16T05:45:00+00:00,1973.35,2022.68375,2022.68375,1874.6825,stoploss,-0.025000000000000005,-0.026200000000000005,10.0,2.0,-1.0,1.0,,-1.0,0.8193174044138107,6,47
ETH/USDT,short,2026-02-16T14:30:00+00:00,2026-02-16T19:30:00+00:00,1969.29,2018.52225,2018.52225,1870.8255,stoploss,-0.025000000000000012,-0.02620000000000001,10.0,2.0,-1.0,1.0,,-1.0,0.6184970217692678,4,20
BTC/USDT,short,2026-02-15T13:00:00+00:00,2026-02-17T00:30:00+00:00,69480.2,71217.205,71217.205,66006.19,stoploss,-0.025000000000000067,-0.026200000000000067,10.0,2.0,-1.0,1.0,,-1.0,1.4278600234311303,16,142
ETH/USDT,short,2026-02-18T14:00:00+00:00,2026-02-18T15:00:00+00:00,1971.25,2020.53125,2020.53125,1872.6875,stoploss,-0.025,-0.0262,10.0,2.0,-1.0,1.0,,-1.0,0.35064045656309395,3,4
BTC/USDT,short,2026-02-18T11:15:00+00:00,2026-02-19T10:45:00+00:00,67425.4,64054.13,69111.035,64054.13,takeprofit,0.049999999999999954,0.048799999999999955,10.0,2.0,1.999999999999987,1.0,,-0.5183209888261734,1.9999999999999871,94,94
BTC/USDT,short,2026-02-19T13:30:00+00:00,2026-02-20T05:30:00+00:00,65954.0,67602.85,67602.85,62656.3,stoploss,-0.025000000000000088,-0.026200000000000088,10.0,2.0,-1.0,1.0,,-1.0,1.0455772204870024,60,64
ETH/USDT,short,2026-02-18T20:00:00+00:00,2026-02-20T12:30:00+00:00,1938.46,1841.537,1986.9215,1841.537,takeprofit,0.05,0.0488,10.0,2.0,2.000000000000005,1.0,,-0.9603499685317225,2.000000000000005,162,162
ETH/USDT,short,2026-02-20T12:30:00+00:00,2026-02-20T22:45:00+00:00,1945.0,1993.625,1993.625,1847.75,stoploss,-0.025,-0.0262,10.0,2.0,-1.0,1.0,,-1.0,0.5141388174807198,5,41
BTC/USDT,short,2026-02-20T13:15:00+00:00,2026-02-21T20:15:00+00:00,67162.5,68841.5625,68841.5625,63804.375,stoploss,-0.025,-0.0262,10.0,2.0,-1.0,1.0,,-1.0,1.2879210869160618,105,124
BTC/USDT,short,2026-02-22T08:30:00+00:00,2026-02-22T17:15:00+00:00,67928.9,64532.455,69627.1225,64532.455,takeprofit,0.04999999999999989,0.04879999999999989,10.0,2.0,1.9999999999999913,1.0,,-0.15963750333069152,1.9999999999999913,35,35
BTC/USDT,short,2026-02-22T17:30:00+00:00,2026-02-23T01:00:00+00:00,67258.2,63895.29,68939.655,63895.29,takeprofit,0.04999999999999995,0.04879999999999995,10.0,2.0,1.9999999999999958,1.0,,-0.3186525955199529,1.9999999999999958,30,30
ETH/USDT,short,2026-02-22T08:30:00+00:00,2026-02-23T01:00:00+00:00,1971.65,2020.94125,2020.94125,1873.0675,stoploss,-0.024999999999999994,-0.026199999999999994,10.0,2.0,-1.0,1.0,,-1.0,0.884538330839655,65,66
BTC/USDT,short,2026-02-23T01:00:00+00:00,2026-02-23T01:15:00+00:00,65445.6,67081.74,67081.74,62173.32,stoploss,-0.025000000000000102,-0.0262000000000001,10.0,2.0,-1.0,1.0,,-1.0,0.0,0,1
ETH/USDT,short,2026-02-23T01:00:00+00:00,2026-02-23T01:15:00+00:00,1883.06,1930.1365,1930.1365,1788.907,stoploss,-0.025000000000000067,-0.026200000000000067,10.0,2.0,-1.0,1.0,,-1.0,0.0,0,1
BTC/USDT,short,2026-02-23T01:15:00+00:00,2026-02-23T01:30:00+00:00,65057.7,66684.1425,66684.1425,61804.815,stoploss,-0.025000000000000074,-0.026200000000000074,10.0,2.0,-1.0,1.0,,-1.0,0.0,0,1
BTC/USDT,short,2026-02-23T01:30:00+00:00,2026-02-23T01:45:00+00:00,65088.1,66715.3025,66715.3025,61833.695,stoploss,-0.025000000000000102,-0.0262000000000001,10.0,2.0,-1.0,1.0,,-1.0,0.0,0,1
ETH/USDT,short,2026-02-23T01:15:00+00:00,2026-02-23T01:45:00+00:00,1874.06,1780.357,1920.9115,1780.357,takeprofit,0.04999999999999999,0.04879999999999999,10.0,2.0,2.0,1.0,,-0.09668847315454092,2.0,2,2
ETH/USDT,short,2026-02-23T01:45:00+00:00,2026-02-23T03:45:00+00:00,1860.0,1906.5,1906.5,1767.0,stoploss,-0.025,-0.0262,10.0,2.0,-1.0,1.0,,-1.0,0.17182795698924752,1,8
ETH/USDT,short,2026-02-23T03:45:00+00:00,2026-02-23T05:15:00+00:00,1861.41,1907.94525,1907.94525,1768.3395,stoploss,-0.02499999999999995,-0.02619999999999995,10.0,2.0,-1.0,1.0,,-1.0,0.18867417710230397,3,6
BTC/USDT,short,2026-02-23T01:45:00+00:00,2026-02-23T09:30:00+00:00,64480.9,66092.9225,66092.9225,61256.855,stoploss,-0.024999999999999988,-0.026199999999999987,10.0,2.0,-1.0,1.0,,-1.0,1.538998370059973,18,31
ETH/USDT,short,2026-02-23T17:30:00+00:00,2026-02-23T22:00:00+00:00,1848.03,1894.23075,1894.23075,1755.6285,stoploss,-0.024999999999999984,-0.026199999999999984,10.0,2.0,-1.0,1.0,,-1.0,0.21990984994832527,1,18
BTC/USDT,short,2026-02-23T12:15:00+00:00,2026-02-24T05:15:00+00:00,66114.8,62809.06,67767.67,62809.06,takeprofit,0.05000000000000008,0.04880000000000008,10.0,2.0,2.000000000000009,1.0,,-0.2027987682031848,2.000000000000009,68,68
ETH/USDT,short,2026-02-24T01:15:00+00:00,2026-02-24T14:00:00+00:00,1848.45,1756.0275,1894.66125,1756.0275,takeprofit,0.050000000000000065,0.048800000000000066,10.0,2.0,2.0,1.0,,-0.1594849738970463,2.0,51,51
ETH/USDT,short,2026-02-24T14:15:00+00:00,2026-02-24T16:00:00+00:00,1813.32,1858.653,1858.653,1722.654,stoploss,-0.025000000000000046,-0.026200000000000046,10.0,2.0,-1.0,1.0,,-1.0,0.2854432753181965,1,7
BTC/USDT,long,2026-02-26T04:00:00+00:00,2026-02-26T05:45:00+00:00,68466.7,71890.035,66755.0325,71890.035,takeprofit,0.05000000000000009,0.04880000000000009,10.0,2.0,2.0000000000000084,1.0,,-0.20576426204271445,2.0000000000000084,7,7
ETH/USDT,long,2026-02-26T04:15:00+00:00,2026-02-26T16:30:00+00:00,2063.61,2012.01975,2012.01975,2166.7905,stoploss,-0.025000000000000095,-0.026200000000000095,10.0,2.0,-1.0,1.0,,-1.0,1.674541216605842,6,49
ETH/USDT,long,2026-02-27T03:15:00+00:00,2026-02-27T11:15:00+00:00,2020.6,1970.085,1970.085,2121.63,stoploss,-0.02499999999999994,-0.02619999999999994,10.0,2.0,-1.0,1.0,,-1.0,0.8187667029595216,4,32
ETH/USDT,short,2026-02-28T04:00:00+00:00,2026-02-28T08:15:00+00:00,1924.46,1972.5715,1972.5715,1828.237,stoploss,-0.024999999999999988,-0.026199999999999987,10.0,2.0,-1.0,1.0,,-1.0,1.835943589370524,11,17
BTC/USDT,short,2026-02-27T13:00:00+00:00,2026-02-28T10:15:00+00:00,66018.6,67669.065,67669.065,62717.67,stoploss,-0.024999999999999946,-0.026199999999999946,10.0,2.0,-1.0,1.0,,-1.0,1.799614048162191,71,85
ETH/USDT,short,2026-02-28T08:15:00+00:00,2026-02-28T13:45:00+00:00,1857.08,1903.507,1903.507,1764.226,stoploss,-0.025000000000000074,-0.026200000000000074,10.0,2.0,-1.0,1.0,,-1.0,1.6602408081504234,7,22
ETH/USDT,short,2026-02-28T17:30:00+00:00,2026-02-28T18:45:00+00:00,1889.68,1936.922,1936.922,1795.196,stoploss,-0.02499999999999998,-0.02619999999999998,10.0,2.0,-1.0,1.0,,-1.0,0.0488971677744417,1,5
BTC/USDT,long,2026-03-02T16:00:00+00:00,2026-03-02T17:00:00+00:00,69569.9,67830.6525,67830.6525,73048.395,stoploss,-0.02499999999999997,-0.02619999999999997,10.0,2.0,-1.0,1.0,,-1.0,0.2080209975866019,3,4
BTC/USDT,long,2026-03-02T17:00:00+00:00,2026-03-03T08:30:00+00:00,69383.9,67649.3025,67649.3025,72853.095,stoploss,-0.024999999999999842,-0.02619999999999984,10.0,2.0,-1.0,1.0,,-1.0,0.04450600211288909,19,62
ETH/USDT,long,2026-03-02T15:00:00+00:00,2026-03-03T08:30:00+00:00,2028.26,1977.5535,1977.5535,2129.673,stoploss,-0.025,-0.0262,10.0,2.0,-1.0,1.0,,-1.0,1.0598246773096152,6,70
BTC/USDT,long,2026-03-03T16:15:00+00:00,2026-03-04T01:00:00+00:00,68781.9,67062.3525,67062.3525,72220.995,stoploss,-0.025000000000000012,-0.02620000000000001,10.0,2.0,-1.0,1.0,,-1.0,0.01831877281668578,12,35
BTC/USDT,long,2026-03-04T01:45:00+00:00,2026-03-04T09:30:00+00:00,68366.9,71785.245,66657.7275,71785.245,takeprofit,0.050000000000000024,0.048800000000000024,10.0,2.0,2.0,1.0,,-0.7997437356381487,2.0,31,31
BTC/USDT,long,2026-03-04T09:30:00+00:00,2026-03-04T12:15:00+00:00,71741.0,69947.475,69947.475,75328.05,stoploss,-0.024999999999999918,-0.026199999999999918,10.0,2.0,-1.0,1.0,,-1.0,0.14440835784279607,2,11
ETH/USDT,long,2026-03-04T08:00:00+00:00,2026-03-04T12:15:00+00:00,2009.73,1959.48675,1959.48675,2110.2165,stoploss,-0.024999999999999994,-0.026199999999999994,10.0,2.0,-1.0,1.0,,-1.0,1.5868798296288564,8,17
BTC/USDT,long,2026-03-04T15:15:00+00:00,2026-03-04T16:45:00+00:00,72887.1,71064.9225,71064.9225,76531.455,stoploss,-0.02500000000000007,-0.02620000000000007,10.0,2.0,-1.0,1.0,,-1.0,0.27917148576359635,3,6
ETH/USDT,long,2026-03-04T15:15:00+00:00,2026-03-04T16:45:00+00:00,2133.74,2080.3965,2080.3965,2240.427,stoploss,-0.024999999999999977,-0.026199999999999977,10.0,2.0,-1.0,1.0,,-1.0,0.49228115890408847,3,6
ETH/USDT,long,2026-03-04T16:45:00+00:00,2026-03-04T18:30:00+00:00,2141.5,2248.575,2087.9625,2248.575,takeprofit,0.04999999999999991,0.04879999999999991,10.0,2.0,2.0,1.0,,-0.18977352323137747,2.0,7,7
ETH/USDT,long,2026-03-04T19:00:00+00:00,2026-03-04T20:45:00+00:00,2180.66,2126.1435,2126.1435,2289.693,stoploss,-0.024999999999999876,-0.026199999999999876,10.0,2.0,-1.0,1.0,,-1.0,0.28761934460209976,1,7
BTC/USDT,long,2026-03-04T16:45:00+00:00,2026-03-05T07:45:00+00:00,73235.0,71404.125,71404.125,76896.75,stoploss,-0.025,-0.0262,10.0,2.0,-1.0,1.0,,-1.0,0.39462005871509526,10,60
BTC/USDT,long,2026-03-05T10:30:00+00:00,2026-03-05T15:15:00+00:00,73280.3,71448.2925,71448.2925,76944.315,stoploss,-0.025000000000000095,-0.026200000000000095,10.0,2.0,-1.0,1.0,,-1.0,1.1024518185651475,10,19
ETH/USDT,long,2026-03-05T05:15:00+00:00,2026-03-05T16:00:00+00:00,2118.81,2065.83975,2065.83975,2224.7505,stoploss,-0.02499999999999993,-0.026199999999999928,10.0,2.0,-1.0,1.0,,-1.0,0.7981838862380358,22,43
ETH/USDT,long,2026-03-06T07:30:00+00:00,2026-03-06T13:45:00+00:00,2083.21,2031.12975,2031.12975,2187.3705,stoploss,-0.024999999999999988,-0.026199999999999987,10.0,2.0,-1.0,1.0,,-1.0,0.25057483403017816,7,25
ETH/USDT,short,2026-03-08T11:30:00+00:00,2026-03-09T03:15:00+00:00,1948.05,1996.75125,1996.75125,1850.6475,stoploss,-0.02500000000000004,-0.02620000000000004,10.0,2.0,-1.0,1.0,,-1.0,0.7470034136700768,42,63
BTC/USDT,short,2026-03-08T02:45:00+00:00,2026-03-09T13:15:00+00:00,66890.9,68563.1725,68563.1725,63546.355,stoploss,-0.0250000000000001,-0.026200000000000098,10.0,2.0,-1.0,1.0,,-1.0,0.9979832832268591,104,138
ETH/USDT,long,2026-03-09T13:00:00+00:00,2026-03-09T14:30:00+00:00,2008.75,2109.1875,1958.53125,2109.1875,takeprofit,0.05,0.0488,10.0,2.0,2.0,1.0,,-0.1545239576851274,2.0,6,6
ETH/USDT,long,2026-03-09T16:15:00+00:00,2026-03-09T16:30:00+00:00,2028.47,1977.75825,1977.75825,2129.8935,stoploss,-0.02499999999999997,-0.02619999999999997,10.0,2.0,-1.0,1.0,,-1.0,0.0,0,1
ETH/USDT,long,2026-03-09T16:30:00+00:00,2026-03-10T01:30:00+00:00,2029.04,1978.314,1978.314,2130.492,stoploss,-0.024999999999999942,-0.026199999999999942,10.0,2.0,-1.0,1.0,,-1.0,0.38402397192761234,12,36
BTC/USDT,long,2026-03-10T07:30:00+00:00,2026-03-10T22:30:00+00:00,70333.3,68574.9675,68574.9675,73849.965,stoploss,-0.025000000000000057,-0.026200000000000057,10.0,2.0,-1.0,1.0,,-1.0,0.9490241464569376,30,60
BTC/USDT,long,2026-03-11T02:00:00+00:00,2026-03-11T02:15:00+00:00,70258.8,68502.33,68502.33,73771.74,stoploss,-0.025000000000000015,-0.026200000000000015,10.0,2.0,-1.0,1.0,,-1.0,0.0,0,1
ETH/USDT,long,2026-03-10T02:00:00+00:00,2026-03-11T02:45:00+00:00,2018.79,1968.32025,1968.32025,2119.7295,stoploss,-0.024999999999999988,-0.026199999999999987,10.0,2.0,-1.0,1.0,,-1.0,1.6090826683310315,63,99
BTC/USDT,long,2026-03-11T10:30:00+00:00,2026-03-13T13:15:00+00:00,69647.8,73130.19,67906.605,73130.19,takeprofit,0.04999999999999999,0.04879999999999999,10.0,2.0,1.9999999999999918,1.0,,-0.5066635270604347,1.9999999999999916,203,203
ETH/USDT,long,2026-03-11T13:30:00+00:00,2026-03-13T13:15:00+00:00,2066.6,2169.93,2014.935,2169.93,takeprofit,0.04999999999999997,0.04879999999999997,10.0,2.0,2.0,1.0,,-0.9350624213684309,2.0,191,191
ETH/USDT,long,2026-03-13T13:15:00+00:00,2026-03-13T16:00:00+00:00,2181.99,2127.44025,2127.44025,2291.0895,stoploss,-0.024999999999999856,-0.026199999999999855,10.0,2.0,-1.0,1.0,,-1.0,0.32410780984331544,5,11
BTC/USDT,long,2026-03-13T13:45:00+00:00,2026-03-13T16:15:00+00:00,73405.8,71570.655,71570.655,77076.09,stoploss,-0.025000000000000053,-0.026200000000000053,10.0,2.0,-1.0,1.0,,-1.0,0.323789128379499,2,10
ETH/USDT,long,2026-03-13T20:30:00+00:00,2026-03-16T03:30:00+00:00,2109.09,2214.5445,2056.36275,2214.5445,takeprofit,0.04999999999999991,0.04879999999999991,10.0,2.0,1.999999999999983,1.0,,-0.9080693569264426,1.9999999999999827,220,220
ETH/USDT,long,2026-03-16T03:30:00+00:00,2026-03-16T21:00:00+00:00,2234.5,2346.225,2178.6375,2346.225,takeprofit,0.04999999999999996,0.04879999999999996,10.0,2.0,1.999999999999992,1.0,,-0.06480196912060647,1.9999999999999918,70,70
BTC/USDT,long,2026-03-15T09:00:00+00:00,2026-03-17T00:00:00+00:00,71792.0,75381.6,69997.2,75381.6,takeprofit,0.05000000000000008,0.04880000000000008,10.0,2.0,2.0,1.0,,-0.25763316246935225,2.0,156,156
BTC/USDT,long,2026-03-17T01:15:00+00:00,2026-03-17T05:45:00+00:00,75907.1,74009.4225,74009.4225,79702.455,stoploss,-0.025000000000000067,-0.026200000000000067,10.0,2.0,-1.0,1.0,,-1.0,0.006481607122384243,1,18
ETH/USDT,long,2026-03-16T21:00:00+00:00,2026-03-18T11:30:00+00:00,2349.71,2290.96725,2290.96725,2467.1955,stoploss,-0.024999999999999953,-0.026199999999999952,10.0,2.0,-1.0,1.0,,-1.0,0.8561056470798535,2,154
BTC/USDT,long,2026-03-17T07:30:00+00:00,2026-03-18T12:30:00+00:00,74323.5,72465.4125,72465.4125,78039.675,stoploss,-0.02499999999999992,-0.02619999999999992,10.0,2.0,-1.0,1.0,,-1.0,0.22727670252343027,47,116
ETH/USDT,short,2026-03-20T17:30:00+00:00,2026-03-23T11:15:00+00:00,2124.67,2177.78675,2177.78675,2018.4365,stoploss,-0.025000000000000064,-0.026200000000000064,10.0,2.0,-1.0,1.0,,-1.0,1.7935961819953166,247,263
BTC/USDT,short,2026-03-19T12:00:00+00:00,2026-03-23T14:00:00+00:00,69780.0,71524.5,71524.5,66291.0,stoploss,-0.025,-0.0262,10.0,2.0,-1.0,1.0,,-1.0,1.40160504442534,325,392
BTC/USDT,short,2026-03-24T17:00:00+00:00,2026-03-25T00:45:00+00:00,69205.2,70935.33,70935.33,65744.94,stoploss,-0.025000000000000067,-0.026200000000000067,10.0,2.0,-1.0,1.0,,-1.0,0.14033627530879314,3,31
ETH/USDT,long,2026-03-25T08:30:00+00:00,2026-03-26T05:30:00+00:00,2183.12,2128.542,2128.542,2292.276,stoploss,-0.02499999999999999,-0.02619999999999999,10.0,2.0,-1.0,1.0,,-1.0,0.22591520392832154,12,84
ETH/USDT,short,2026-03-26T09:30:00+00:00,2026-03-27T13:30:00+00:00,2082.62,1978.489,2134.6855,1978.489,takeprofit,0.04999999999999993,0.048799999999999934,10.0,2.0,1.9999999999999911,1.0,,-0.15922251779009014,1.9999999999999913,112,112
BTC/USDT,short,2026-03-26T09:30:00+00:00,2026-03-27T14:15:00+00:00,69425.3,65954.035,71160.9325,65954.035,takeprofit,0.04999999999999999,0.04879999999999999,10.0,2.0,2.0000000000000084,1.0,,-0.35992642451671064,2.0000000000000084,115,115
ETH/USDT,short,2026-03-28T02:45:00+00:00,2026-03-28T13:30:00+00:00,1986.03,2035.68075,2035.68075,1886.7285,stoploss,-0.02500000000000001,-0.026200000000000008,10.0,2.0,-1.0,1.0,,-1.0,0.008861900374114277,1,43
BTC/USDT,short,2026-03-27T14:15:00+00:00,2026-03-30T04:00:00+00:00,65733.9,67377.2475,67377.2475,62447.205,stoploss,-0.025000000000000057,-0.026200000000000057,10.0,2.0,-1.0,1.0,,-1.0,0.0837315296977608,14,247
ETH/USDT,short,2026-03-28T23:30:00+00:00,2026-03-30T04:00:00+00:00,1994.75,2044.61875,2044.61875,1895.0125,stoploss,-0.025000000000000046,-0.026200000000000046,10.0,2.0,-1.0,1.0,,-1.0,1.0676024564481748,93,114
ETH/USDT,long,2026-04-01T15:30:00+00:00,2026-04-02T02:30:00+00:00,2130.34,2077.0815,2077.0815,2236.857,stoploss,-0.02500000000000017,-0.02620000000000017,10.0,2.0,-1.0,1.0,,-1.0,0.5738051203094292,6,44
ETH/USDT,short,2026-04-02T13:30:00+00:00,2026-04-02T14:45:00+00:00,2017.3,2067.7325,2067.7325,1916.435,stoploss,-0.02500000000000006,-0.02620000000000006,10.0,2.0,-1.0,1.0,,-1.0,0.00019828483616697332,1,5
BTC/USDT,short,2026-04-02T04:00:00+00:00,2026-04-05T22:45:00+00:00,66527.3,68190.4825,68190.4825,63200.935,stoploss,-0.02499999999999993,-0.026199999999999928,10.0,2.0,-1.0,1.0,,-1.0,0.4334461191120101,38,363
ETH/USDT,short,2026-04-02T18:15:00+00:00,2026-04-05T23:15:00+00:00,2043.63,2094.72075,2094.72075,1941.4485,stoploss,-0.02499999999999992,-0.02619999999999992,10.0,2.0,-1.0,1.0,,-1.0,0.38676277016877375,266,308
BTC/USDT,long,2026-04-06T09:15:00+00:00,2026-04-07T14:00:00+00:00,69879.7,68132.7075,68132.7075,73373.685,stoploss,-0.0249999999999999,-0.0261999999999999,10.0,2.0,-1.0,1.0,,-1.0,0.14041273789097772,30,115
ETH/USDT,long,2026-04-06T00:00:00+00:00,2026-04-07T14:00:00+00:00,2118.16,2065.206,2065.206,2224.068,stoploss,-0.02499999999999987,-0.02619999999999987,10.0,2.0,-1.0,1.0,,-1.0,0.8903954375495777,65,152
ETH/USDT,long,2026-04-07T21:15:00+00:00,2026-04-07T23:15:00+00:00,2130.64,2237.172,2077.374,2237.172,takeprofit,0.05000000000000007,0.04880000000000007,10.0,2.0,2.0,1.0,,-0.003754740359700706,2.0,8,8
ETH/USDT,long,2026-04-07T23:15:00+00:00,2026-04-08T14:45:00+00:00,2262.19,2205.63525,2205.63525,2375.2995,stoploss,-0.025000000000000105,-0.026200000000000105,10.0,2.0,-1.0,1.0,,-1.0,0.09884227231134647,1,62
BTC/USDT,long,2026-04-07T20:00:00+00:00,2026-04-10T14:15:00+00:00,69403.0,72873.15,67667.925,72873.15,takeprofit,0.04999999999999992,0.04879999999999992,10.0,2.0,2.0,1.0,,-0.11158019105802697,2.0,265,265
ETH/USDT,long,2026-04-09T15:30:00+00:00,2026-04-11T19:30:00+00:00,2213.5,2324.175,2158.1625,2324.175,takeprofit,0.05000000000000008,0.04880000000000008,10.0,2.0,2.0,1.0,,-0.6756720126496465,2.0,208,208
ETH/USDT,long,2026-04-11T19:30:00+00:00,2026-04-12T01:30:00+00:00,2317.78,2259.8355,2259.8355,2433.669,stoploss,-0.025000000000000026,-0.026200000000000025,10.0,2.0,-1.0,1.0,,-1.0,0.0,0,24
BTC/USDT,long,2026-04-10T14:30:00+00:00,2026-04-12T13:00:00+00:00,72839.7,71018.7075,71018.7075,76481.685,stoploss,-0.024999999999999904,-0.026199999999999904,10.0,2.0,-1.0,1.0,,-1.0,0.4448672907768752,114,186
ETH/USDT,long,2026-04-13T19:15:00+00:00,2026-04-13T22:45:00+00:00,2240.56,2352.588,2184.546,2352.588,takeprofit,0.050000000000000114,0.048800000000000114,10.0,2.0,2.0,1.0,,-0.013032456171671664,2.0,14,14
BTC/USDT,long,2026-04-13T14:00:00+00:00,2026-04-14T13:30:00+00:00,71534.1,75110.805,69745.7475,75110.805,takeprofit,0.049999999999999815,0.048799999999999816,10.0,2.0,1.9999999999999836,1.0,,-0.056867983241565175,1.9999999999999838,94,94
ETH/USDT,long,2026-04-13T22:45:00+00:00,2026-04-14T14:30:00+00:00,2351.66,2469.243,2292.8685,2469.243,takeprofit,0.05000000000000004,0.04880000000000004,10.0,2.0,2.000000000000008,1.0,,-0.13386288834270116,2.0000000000000075,63,63
ETH/USDT,long,2026-04-14T14:30:00+00:00,2026-04-14T18:45:00+00:00,2374.05,2314.69875,2314.69875,2492.7525,stoploss,-0.025000000000000067,-0.026200000000000067,10.0,2.0,-1.0,1.0,,-1.0,0.1002506265664127,1,17
ETH/USDT,long,2026-04-15T08:15:00+00:00,2026-04-17T13:45:00+00:00,2322.76,2438.898,2264.691,2438.898,takeprofit,0.04999999999999996,0.04879999999999996,10.0,2.0,1.9999999999999845,1.0,,-0.6185744545282305,1.9999999999999842,214,214
BTC/USDT,long,2026-04-14T13:30:00+00:00,2026-04-17T14:30:00+00:00,75154.9,78912.645,73276.0275,78912.645,takeprofit,0.050000000000000135,0.048800000000000135,10.0,2.0,2.000000000000008,1.0,,-0.8431652493716306,2.0000000000000075,292,292
ETH/USDT,long,2026-04-17T13:45:00+00:00,2026-04-17T14:30:00+00:00,2435.2,2556.96,2374.32,2556.96,takeprofit,0.05000000000000009,0.04880000000000009,10.0,2.0,2.000000000000015,1.0,,-0.12122207621550092,2.000000000000015,3,3
BTC/USDT,long,2026-04-17T14:30:00+00:00,2026-04-17T14:45:00+00:00,77930.5,81827.025,75982.2375,81827.025,takeprofit,0.049999999999999926,0.04879999999999993,10.0,2.0,2.0,1.0,,0.0,2.0,1,1
BTC/USDT,long,2026-04-17T14:45:00+00:00,2026-04-17T16:15:00+00:00,77872.3,81765.915,75925.4925,81765.915,takeprofit,0.04999999999999988,0.04879999999999988,10.0,2.0,1.9999999999999851,1.0,,-0.23222635006286113,1.9999999999999851,6,6
ETH/USDT,long,2026-04-17T14:30:00+00:00,2026-04-18T08:15:00+00:00,2444.18,2383.0755,2383.0755,2566.389,stoploss,-0.024999999999999967,-0.026199999999999966,10.0,2.0,-1.0,1.0,,-1.0,0.2831215376936266,8,71
BTC/USDT,long,2026-04-18T06:45:00+00:00,2026-04-19T07:15:00+00:00,77080.4,75153.39,75153.39,80934.42,stoploss,-0.024999999999999935,-0.026199999999999935,10.0,2.0,-1.0,1.0,,-1.0,0.010690136532766242,1,98
ETH/USDT,long,2026-04-22T02:00:00+00:00,2026-04-27T15:15:00+00:00,2333.0,2274.675,2274.675,2449.65,stoploss,-0.02499999999999992,-0.02619999999999992,10.0,2.0,-1.0,1.0,,-1.0,1.479982854693535,49,533
ETH/USDT,short,2026-04-27T16:00:00+00:00,2026-04-29T04:30:00+00:00,2276.97,2333.89425,2333.89425,2163.1215,stoploss,-0.025000000000000015,-0.026200000000000015,10.0,2.0,-1.0,1.0,,-1.0,0.2580622493928263,90,146
ETH/USDT,short,2026-04-29T17:00:00+00:00,2026-05-02T21:30:00+00:00,2268.98,2325.7045,2325.7045,2155.531,stoploss,-0.024999999999999915,-0.026199999999999914,10.0,2.0,-1.0,1.0,,-1.0,0.831915662544407,7,306
BTC/USDT,long,2026-04-20T18:00:00+00:00,2026-05-04T02:30:00+00:00,76200.0,80010.0,74295.0,80010.0,takeprofit,0.05,0.0488,10.0,2.0,2.0,1.0,,-0.662362204724411,2.0,1282,1282
ETH/USDT,long,2026-05-03T20:30:00+00:00,2026-05-08T02:00:00+00:00,2335.45,2277.06375,2277.06375,2452.2225,stoploss,-0.02500000000000001,-0.026200000000000008,10.0,2.0,-1.0,1.0,,-1.0,1.4777451882934796,251,406
ETH/USDT,short,2026-05-08T02:00:00+00:00,2026-05-09T18:15:00+00:00,2277.15,2334.07875,2334.07875,2163.2925,stoploss,-0.025000000000000015,-0.026200000000000015,10.0,2.0,-1.0,1.0,,-1.0,0.20991151219726878,4,161
ETH/USDT,long,2026-05-10T22:30:00+00:00,2026-05-12T01:30:00+00:00,2364.94,2305.8165,2305.8165,2483.187,stoploss,-0.025000000000000064,-0.026200000000000064,10.0,2.0,-1.0,1.0,,-1.0,0.2599643119909994,2,108
BTC/USDT,long,2026-05-04T02:30:00+00:00,2026-05-16T09:15:00+00:00,80066.1,78064.4475,78064.4475,84069.405,stoploss,-0.025000000000000137,-0.026200000000000136,10.0,2.0,-1.0,1.0,,-1.0,1.365821489993882,227,1179
ETH/USDT,short,2026-05-12T08:00:00+00:00,2026-05-16T09:15:00+00:00,2284.67,2170.4365,2341.78675,2170.4365,takeprofit,0.05000000000000012,0.04880000000000012,10.0,2.0,2.0,1.0,,-0.6577755211912376,2.0,389,389
ETH/USDT,short,2026-05-16T09:15:00+00:00,2026-05-23T00:30:00+00:00,2168.47,2060.0465,2222.68175,2060.0465,takeprofit,0.04999999999999995,0.04879999999999995,10.0,2.0,1.9999999999999833,1.0,,-0.49509562041439265,1.9999999999999831,637,637
ETH/USDT,short,2026-05-23T07:00:00+00:00,2026-05-23T20:30:00+00:00,2059.85,2111.34625,2111.34625,1956.8575,stoploss,-0.02500000000000007,-0.02620000000000007,10.0,2.0,-1.0,1.0,,-1.0,0.7666577663422076,3,54
BTC/USDT,short,2026-05-17T08:45:00+00:00,2026-05-28T02:30:00+00:00,78050.6,74148.07,80001.865,74148.07,takeprofit,0.04999999999999998,0.04879999999999998,10.0,2.0,2.0,1.0,,-0.2264172216485144,2.0,1031,1031
ETH/USDT,short,2026-05-24T14:00:00+00:00,2026-05-28T03:15:00+00:00,2100.45,1995.4275,2152.96125,1995.4275,takeprofit,0.04999999999999991,0.04879999999999991,10.0,2.0,1.9999999999999956,1.0,,-0.7406032040753232,1.9999999999999956,341,341
BTC/USDT,short,2026-05-28T03:15:00+00:00,2026-06-02T06:45:00+00:00,73841.4,70149.33,75687.435,70149.33,takeprofit,0.0499999999999999,0.0487999999999999,10.0,2.0,1.999999999999992,1.0,,-0.2324441302575547,1.999999999999992,494,494
ETH/USDT,short,2026-05-28T03:15:00+00:00,2026-06-02T19:30:00+00:00,1995.32,1895.554,2045.203,1895.554,takeprofit,0.049999999999999926,0.04879999999999993,10.0,2.0,1.9999999999999956,1.0,,-0.9432071046248205,1.9999999999999953,545,545
ETH/USDT,short,2026-06-02T19:30:00+00:00,2026-06-03T03:45:00+00:00,1896.19,1801.3805,1943.59475,1801.3805,takeprofit,0.05000000000000004,0.04880000000000004,10.0,2.0,2.000000000000005,1.0,,-0.42759428116380777,2.000000000000005,33,33
ETH/USDT,short,2026-06-03T03:45:00+00:00,2026-06-03T05:45:00+00:00,1827.02,1872.6955,1872.6955,1735.669,stoploss,-0.025000000000000033,-0.026200000000000032,10.0,2.0,-1.0,1.0,,-1.0,0.00021893575330299379,1,8
BTC/USDT,short,2026-06-02T12:45:00+00:00,2026-06-03T16:15:00+00:00,69061.2,65608.14,70787.73,65608.14,takeprofit,0.04999999999999997,0.04879999999999997,10.0,2.0,2.0,1.0,,-0.07662768674740839,2.0,110,110
BTC/USDT,short,2026-06-03T16:15:00+00:00,2026-06-03T23:00:00+00:00,65596.3,62316.485,67236.2075,62316.485,takeprofit,0.05000000000000003,0.04880000000000003,10.0,2.0,2.0,1.0,,-0.3315430900828228,2.0,27,27
BTC/USDT,short,2026-06-03T23:00:00+00:00,2026-06-04T02:00:00+00:00,64566.7,61338.365,66180.8675,61338.365,takeprofit,0.04999999999999999,0.04879999999999999,10.0,2.0,2.0000000000000044,1.0,,-0.22079492989420388,2.0000000000000044,12,12
ETH/USDT,short,2026-06-03T16:00:00+00:00,2026-06-04T02:00:00+00:00,1835.93,1744.1335,1881.82825,1744.1335,takeprofit,0.05000000000000008,0.04880000000000008,10.0,2.0,2.000000000000005,1.0,,-0.2712521719237674,2.000000000000005,40,40
ETH/USDT,short,2026-06-04T02:00:00+00:00,2026-06-04T03:00:00+00:00,1746.89,1790.56225,1790.56225,1659.5455,stoploss,-0.02499999999999991,-0.02619999999999991,10.0,2.0,-1.0,1.0,,-1.0,0.2127208925576361,1,4
BTC/USDT,short,2026-06-04T02:00:00+00:00,2026-06-04T03:15:00+00:00,62403.7,63963.7925,63963.7925,59283.515,stoploss,-0.0250000000000001,-0.026200000000000098,10.0,2.0,-1.0,1.0,,-1.0,0.06307318316060989,1,5
ETH/USDT,short,2026-06-04T07:15:00+00:00,2026-06-04T15:45:00+00:00,1775.25,1686.4875,1819.63125,1686.4875,takeprofit,0.050000000000000024,0.048800000000000024,10.0,2.0,2.000000000000005,1.0,,-0.3920574566962428,2.0000000000000053,34,34
ETH/USDT,short,2026-06-04T16:00:00+00:00,2026-06-04T16:15:00+00:00,1692.29,1734.59725,1734.59725,1607.6755,stoploss,-0.02500000000000004,-0.02620000000000004,10.0,2.0,-1.0,1.0,,-1.0,0.0,0,1
ETH/USDT,short,2026-06-04T16:15:00+00:00,2026-06-04T16:30:00+00:00,1699.32,1614.354,1741.803,1614.354,takeprofit,0.04999999999999994,0.04879999999999994,10.0,2.0,1.9999999999999896,1.0,,0.0,1.9999999999999893,1,1
ETH/USDT,short,2026-06-04T16:30:00+00:00,2026-06-04T18:00:00+00:00,1689.5,1731.7375,1731.7375,1605.025,stoploss,-0.024999999999999974,-0.026199999999999973,10.0,2.0,-1.0,1.0,,-1.0,1.661556673572066,1,6
ETH/USDT,short,2026-06-04T23:15:00+00:00,2026-06-04T23:30:00+00:00,1728.98,1642.531,1772.2045,1642.531,takeprofit,0.05000000000000004,0.04880000000000004,10.0,2.0,2.0,1.0,,0.0,2.0,1,1
ETH/USDT,short,2026-06-04T23:30:00+00:00,2026-06-04T23:45:00+00:00,1730.0,1643.5,1773.25,1643.5,takeprofit,0.05,0.0488,10.0,2.0,2.0,1.0,,0.0,2.0,1,1
ETH/USDT,short,2026-06-04T23:45:00+00:00,2026-06-05T01:00:00+00:00,1731.0,1644.45,1774.275,1644.45,takeprofit,0.049999999999999975,0.048799999999999975,10.0,2.0,1.9999999999999947,1.0,,0.0,1.9999999999999947,5,5
ETH/USDT,short,2026-06-05T01:00:00+00:00,2026-06-05T01:15:00+00:00,1723.12,1636.964,1766.198,1636.964,takeprofit,0.049999999999999975,0.048799999999999975,10.0,2.0,1.9999999999999896,1.0,,0.0,1.9999999999999893,1,1
ETH/USDT,short,2026-06-05T01:15:00+00:00,2026-06-05T01:30:00+00:00,1719.23,1633.2685,1762.21075,1633.2685,takeprofit,0.050000000000000065,0.048800000000000066,10.0,2.0,2.0000000000000053,1.0,,0.0,2.0000000000000053,1,1
ETH/USDT,short,2026-06-05T01:30:00+00:00,2026-06-05T01:45:00+00:00,1673.49,1589.8155,1715.32725,1589.8155,takeprofit,0.050000000000000044,0.048800000000000045,10.0,2.0,2.0,1.0,,0.0,2.0,1,1
ETH/USDT,short,2026-06-05T01:45:00+00:00,2026-06-05T02:00:00+00:00,1665.23,1706.86075,1706.86075,1581.9685,stoploss,-0.025000000000000022,-0.026200000000000022,10.0,2.0,-1.0,1.0,,-1.0,0.0,0,1
ETH/USDT,short,2026-06-05T02:00:00+00:00,2026-06-05T02:15:00+00:00,1740.0,1653.0,1783.5,1653.0,takeprofit,0.05,0.0488,10.0,2.0,2.0,1.0,,0.0,2.0,1,1
ETH/USDT,short,2026-06-05T02:15:00+00:00,2026-06-05T02:30:00+00:00,1672.7,1714.5175,1714.5175,1589.065,stoploss,-0.02499999999999993,-0.026199999999999928,10.0,2.0,-1.0,1.0,,-1.0,0.0,0,1
ETH/USDT,short,2026-06-05T05:45:00+00:00,2026-06-05T14:15:00+00:00,1682.58,1598.451,1724.6445,1598.451,takeprofit,0.04999999999999995,0.04879999999999995,10.0,2.0,1.9999999999999891,1.0,,-0.1119709018293339,1.9999999999999891,34,34
BTC/USDT,short,2026-06-04T09:30:00+00:00,2026-06-05T15:30:00+00:00,63384.0,60214.8,64968.6,60214.8,takeprofit,0.049999999999999954,0.048799999999999955,10.0,2.0,2.0,1.0,,-0.7610753502461196,2.0,120,120
BTC/USDT,short,2026-06-05T15:30:00+00:00,2026-06-05T18:45:00+00:00,60263.9,57250.705,61770.4975,57250.705,takeprofit,0.049999999999999996,0.048799999999999996,10.0,2.0,2.000000000000005,1.0,,-0.9812176112067087,2.000000000000005,13,13
BTC/USDT,short,2026-06-05T18:45:00+00:00,2026-06-05T20:15:00+00:00,59394.3,60879.1575,60879.1575,56424.585,stoploss,-0.02499999999999997,-0.02619999999999997,10.0,2.0,-1.0,1.0,,-1.0,0.1181258134198074,2,6
ETH/USDT,short,2026-06-05T14:15:00+00:00,2026-06-06T04:30:00+00:00,1602.4,1522.28,1642.46,1522.28,takeprofit,0.05000000000000007,0.04880000000000007,10.0,2.0,2.0000000000000058,1.0,,-0.7636045931103335,2.0000000000000058,57,57
ETH/USDT,short,2026-06-06T04:30:00+00:00,2026-06-06T05:30:00+00:00,1521.18,1559.2095,1559.2095,1445.121,stoploss,-0.024999999999999915,-0.026199999999999914,10.0,2.0,-1.0,1.0,,-1.0,0.33105878331295935,2,4
ETH/USDT,short,2026-06-06T10:00:00+00:00,2026-06-07T01:15:00+00:00,1555.62,1594.5105,1594.5105,1477.839,stoploss,-0.025000000000000133,-0.026200000000000133,10.0,2.0,-1.0,1.0,,-1.0,0.5029505920468968,3,61
BTC/USDT,short,2026-06-05T23:30:00+00:00,2026-06-07T07:45:00+00:00,60748.9,62267.6225,62267.6225,57711.455,stoploss,-0.024999999999999935,-0.026199999999999935,10.0,2.0,-1.0,1.0,,-1.0,0.768079751238296,20,129
ETH/USDT,short,2026-06-07T19:30:00+00:00,2026-06-07T22:15:00+00:00,1606.82,1646.9905,1646.9905,1526.479,stoploss,-0.02500000000000011,-0.02620000000000011,10.0,2.0,-1.0,1.0,,-1.0,0.030121606651648127,1,11
BTC/USDT,short,2026-06-07T19:00:00+00:00,2026-06-07T23:30:00+00:00,61656.9,63198.3225,63198.3225,58574.055,stoploss,-0.02500000000000001,-0.026200000000000008,10.0,2.0,-1.0,1.0,,-1.0,0.29647938835718296,3,18
BTC/USDT,short,2026-06-09T15:00:00+00:00,2026-06-11T10:45:00+00:00,61574.6,63113.965,63113.965,58495.87,stoploss,-0.024999999999999967,-0.026199999999999966,10.0,2.0,-1.0,1.0,,-1.0,0.42920295056727803,73,175
ETH/USDT,short,2026-06-09T22:15:00+00:00,2026-06-12T15:00:00+00:00,1647.38,1688.5645,1688.5645,1565.011,stoploss,-0.024999999999999904,-0.026199999999999904,10.0,2.0,-1.0,1.0,,-1.0,1.03461253626972,96,259
ETH/USDT,long,2026-06-15T10:45:00+00:00,2026-06-15T15:30:00+00:00,1736.3,1823.115,1692.8925,1823.115,takeprofit,0.05000000000000003,0.04880000000000003,10.0,2.0,2.0,1.0,,-0.046074987041409866,2.0,19,19
ETH/USDT,long,2026-06-15T15:45:00+00:00,2026-06-15T22:15:00+00:00,1843.23,1797.14925,1797.14925,1935.3915,stoploss,-0.025000000000000043,-0.026200000000000043,10.0,2.0,-1.0,1.0,,-1.0,0.01063350748414486,4,26
ETH/USDT,long,2026-06-16T10:30:00+00:00,2026-06-17T06:30:00+00:00,1795.76,1750.866,1750.866,1885.548,stoploss,-0.025000000000000005,-0.026200000000000005,10.0,2.0,-1.0,1.0,,-1.0,0.799438677774315,8,80
BTC/USDT,long,2026-06-14T21:30:00+00:00,2026-06-18T15:30:00+00:00,64869.9,63248.1525,63248.1525,68113.395,stoploss,-0.025000000000000074,-0.026200000000000074,10.0,2.0,-1.0,1.0,,-1.0,1.52237015934971,62,360
BTC/USDT,short,2026-06-18T16:00:00+00:00,2026-06-20T10:30:00+00:00,62631.9,64197.6975,64197.6975,59500.305,stoploss,-0.02500000000000001,-0.026200000000000008,10.0,2.0,-1.0,1.0,,-1.0,0.20149476544700057,5,170
ETH/USDT,short,2026-06-19T02:15:00+00:00,2026-06-22T01:15:00+00:00,1703.87,1746.46675,1746.46675,1618.6765,stoploss,-0.025000000000000095,-0.026200000000000095,10.0,2.0,-1.0,1.0,,-1.0,0.5268007535786121,42,284
BTC/USDT,short,2026-06-21T13:00:00+00:00,2026-06-22T07:00:00+00:00,63315.5,64898.3875,64898.3875,60149.725,stoploss,-0.024999999999999953,-0.026199999999999952,10.0,2.0,-1.0,1.0,,-1.0,0.3177105132234618,43,72
ETH/USDT,long,2026-06-22T08:30:00+00:00,2026-06-23T06:15:00+00:00,1748.58,1704.8655,1704.8655,1836.009,stoploss,-0.024999999999999897,-0.026199999999999897,10.0,2.0,-1.0,1.0,,-1.0,0.6320557252170385,22,87
BTC/USDT,short,2026-06-23T06:00:00+00:00,2026-06-24T16:45:00+00:00,63206.0,60045.7,64786.15,60045.7,takeprofit,0.050000000000000044,0.048800000000000045,10.0,2.0,2.0,1.0,,-0.05948802328892821,2.0,139,139
ETH/USDT,short,2026-06-23T08:00:00+00:00,2026-06-24T16:45:00+00:00,1679.65,1595.6675,1721.64125,1595.6675,takeprofit,0.05000000000000004,0.04880000000000004,10.0,2.0,2.0000000000000107,1.0,,-0.017860863870449283,2.0000000000000107,131,131
BTC/USDT,short,2026-06-24T16:45:00+00:00,2026-06-25T04:45:00+00:00,59800.0,61295.0,61295.0,56810.0,stoploss,-0.025,-0.0262,10.0,2.0,-1.0,1.0,,-1.0,0.4911036789297639,4,48
ETH/USDT,short,2026-06-24T16:45:00+00:00,2026-06-25T04:45:00+00:00,1589.11,1628.83775,1628.83775,1509.6545,stoploss,-0.025000000000000012,-0.02620000000000001,10.0,2.0,-1.0,1.0,,-1.0,0.8067408801152832,4,48
BTC/USDT,short,2026-06-25T13:45:00+00:00,2026-06-25T14:00:00+00:00,59513.0,61000.825,61000.825,56537.35,stoploss,-0.024999999999999953,-0.026199999999999952,10.0,2.0,-1.0,1.0,,-1.0,0.0,0,1
ETH/USDT,short,2026-06-25T13:45:00+00:00,2026-06-25T14:00:00+00:00,1533.21,1571.54025,1571.54025,1456.5495,stoploss,-0.024999999999999984,-0.026199999999999984,10.0,2.0,-1.0,1.0,,-1.0,0.0,0,1
BTC/USDT,short,2026-06-25T14:00:00+00:00,2026-06-26T07:15:00+00:00,59343.6,60827.19,60827.19,56376.42,stoploss,-0.025000000000000064,-0.026200000000000064,10.0,2.0,-1.0,1.0,,-1.0,0.6629190005324904,52,69
BTC/USDT,short,2026-06-26T09:45:00+00:00,2026-06-27T15:00:00+00:00,59760.1,61254.1025,61254.1025,56772.095,stoploss,-0.02500000000000004,-0.02620000000000004,10.0,2.0,-1.0,1.0,,-1.0,0.6519400067938297,14,117
ETH/USDT,short,2026-06-25T14:00:00+00:00,2026-06-27T15:00:00+00:00,1568.04,1607.241,1607.241,1489.638,stoploss,-0.025000000000000015,-0.026200000000000015,10.0,2.0,-1.0,1.0,,-1.0,1.4063416749572677,52,196
ETH/USDT,short,2026-06-28T05:15:00+00:00,2026-06-29T17:00:00+00:00,1565.4,1604.535,1604.535,1487.13,stoploss,-0.024999999999999994,-0.026199999999999994,10.0,2.0,-1.0,1.0,,-1.0,0.3521144755334152,83,143
ETH/USDT,short,2026-06-30T13:00:00+00:00,2026-07-01T04:45:00+00:00,1560.75,1599.76875,1599.76875,1482.7125,stoploss,-0.02499999999999997,-0.02619999999999997,10.0,2.0,-1.0,1.0,,-1.0,0.23450264296011794,2,63
BTC/USDT,short,2026-06-28T05:00:00+00:00,2026-07-02T12:45:00+00:00,59997.1,61497.0275,61497.0275,56997.245,stoploss,-0.024999999999999967,-0.026199999999999966,10.0,2.0,-1.0,1.0,,-1.0,1.4013343978292312,272,415
ETH/USDT,long,2026-07-02T12:30:00+00:00,2026-07-03T10:30:00+00:00,1659.33,1742.2965,1617.84675,1742.2965,takeprofit,0.05,0.0488,10.0,2.0,2.0,1.0,,0.0,2.0,88,88
ETH/USDT,long,2026-07-03T10:30:00+00:00,2026-07-13T00:00:00+00:00,1743.04,1830.192,1699.464,1830.192,takeprofit,0.050000000000000024,0.048800000000000024,10.0,2.0,2.0,1.0,,-0.6450798604736526,2.0,918,918
ETH/USDT,long,2026-07-13T00:15:00+00:00,2026-07-13T03:30:00+00:00,1830.89,1785.11775,1785.11775,1922.4345,stoploss,-0.025000000000000116,-0.026200000000000116,10.0,2.0,-1.0,1.0,,-1.0,0.019881041460707093,1,13
BTC/USDT,long,2026-07-03T01:15:00+00:00,2026-07-14T15:30:00+00:00,61562.4,64640.52,60023.34,64640.52,takeprofit,0.049999999999999926,0.04879999999999993,10.0,2.0,1.9999999999999907,1.0,,-0.16724494171767224,1.9999999999999905,1113,1113
ETH/USDT,long,2026-07-14T12:30:00+00:00,2026-07-15T12:45:00+00:00,1824.54,1915.767,1778.9265,1915.767,takeprofit,0.05000000000000005,0.04880000000000005,10.0,2.0,2.000000000000005,1.0,,-0.007234700253212925,2.000000000000005,97,97
ETH/USDT,long,2026-07-15T12:45:00+00:00,2026-07-16T08:15:00+00:00,1926.7,1878.5325,1878.5325,2023.035,stoploss,-0.02500000000000001,-0.026200000000000008,10.0,2.0,-1.0,1.0,,-1.0,0.36726008200550264,2,78
BTC/USDT,long,2026-07-14T15:30:00+00:00,2026-07-17T05:30:00+00:00,64754.6,63135.735,63135.735,67992.33,stoploss,-0.02499999999999997,-0.02619999999999997,10.0,2.0,-1.0,1.0,,-1.0,0.47551834155411593,87,248
BTC/USDT,long,2026-07-17T17:00:00+00:00,2026-07-18T11:30:00+00:00,63939.5,63995.1,62341.0125,67136.475,end_of_window,0.0008695720172975788,-0.00033042798270242106,10.0,2.0,0.034782880691903086,1.0,,-0.04923404155490546,0.1996887682887708,7,74
